COG0001,COG0001
COG0002,COG0002
COG0003,COG0003
COG0004,COG0004
COG0005,COG0005
COG0006,COG0006
COG0007,COG0007
COG0008,COG0008
COG0009,COG0009
COG0010,COG0010
COG0011,COG0011
COG0012,COG0012
COG0013,COG0013
COG0014,COG0014
COG0015,COG0015
COG0016,COG0016
COG0017,COG0017
COG0018,COG0018
COG0019,COG0019
COG0020,COG0020
COG0021,COG0021
COG0022,COG0022
COG0023,COG0023
COG0024,COG0024
COG0025,COG0025
COG0026,COG0026
COG0027,COG0027
COG0028,COG0028
COG0029,COG0029
COG0030,COG0030
COG0031,COG0031
COG0033,COG0033
COG0034,COG0034
COG0035,COG0035
COG0036,COG0036
COG0037,COG0037
COG0038,COG0038
COG0039,COG0039
COG0040,COG0040
COG0041,COG0041
COG0042,COG0042
COG0043,COG0043
COG0044,COG0044
COG0045,COG0045
COG0046,COG0046
COG0047,COG0047
COG0048,COG0048
COG0049,COG0049
COG0050,COG0050
COG0051,COG0051
COG0052,COG0052
COG0053,COG0053
COG0054,COG0054
COG0055,COG0055
COG0056,COG0056
COG0057,COG0057
COG0058,COG0058
COG0059,COG0059
COG0060,COG0060
COG0061,COG0061
COG0062,COG0062
COG0063,COG0063
COG0064,COG0064
COG0065,COG0065
COG0066,COG0066
COG0067,COG0067
COG0068,COG0068
COG0069,COG0069
COG0070,COG0070
COG0071,COG0071
COG0072,COG0072
COG0073,COG0073
COG0074,COG0074
COG0075,COG0075
COG0076,COG0076
COG0077,COG0077
COG0078,COG0078
COG0079,COG0079
COG0080,COG0080
COG0081,COG0081
COG0082,COG0082
COG0083,COG0083
COG0084,COG0084
COG0085,COG0085
COG0086,COG0086
COG0087,COG0087
COG0088,COG0088
COG0089,COG0089
COG0090,COG0090
COG0091,COG0091
COG0092,COG0092
COG0093,COG0093
COG0094,COG0094
COG0095,COG0095
COG0096,COG0096
COG0097,COG0097
COG0098,COG0098
COG0099,COG0099
COG0100,COG0100
COG0101,COG0101
COG0102,COG0102
COG0103,COG0103
COG0104,COG0104
COG0105,COG0105
COG0106,COG0106
COG0107,COG0107
COG0108,COG0108
COG0109,COG0109
COG0110,COG0110
COG0111,COG0111
COG0112,COG0112
COG0113,COG0113
COG0114,COG0114
COG0115,COG0115
COG0116,COG0116
COG0117,COG0117
COG0118,COG0118
COG0119,COG0119
COG0120,COG0120
COG0121,COG0121
COG0122,COG0122
COG0123,COG0123
COG0124,COG0124
COG0125,COG0125
COG0126,COG0126
COG0127,COG0127
COG0128,COG0128
COG0129,COG0129
COG0130,COG0130
COG0131,COG0131
COG0132,COG0132
COG0133,COG0133
COG0134,COG0134
COG0135,COG0135
COG0136,COG0136
COG0137,COG0137
COG0138,COG0138
COG0139,COG0139
COG0140,COG0140
COG0141,COG0141
COG0142,COG0142
COG0143,COG0143
COG0144,COG0144
COG0145,COG0145
COG0146,COG0146
COG0147,COG0147
COG0148,COG0148
COG0149,COG0149
COG0150,COG0150
COG0151,COG0151
COG0152,COG0152
COG0153,COG0153
COG0154,COG0154
COG0155,COG0155
COG0156,COG0156
COG0157,COG0157
COG0158,COG0158
COG0159,COG0159
COG0160,COG0160
COG0161,COG0161
COG0162,COG0162
COG0163,COG0163
COG0164,COG0164
COG0165,COG0165
COG0166,COG0166
COG0167,COG0167
COG0168,COG0168
COG0169,COG0169
COG0170,COG0170
COG0171,COG0171
COG0172,COG0172
COG0173,COG0173
COG0174,COG0174
COG0175,COG0175
COG0176,COG0176
COG0177,COG0177
COG0178,COG0178
COG0179,COG0179
COG0180,COG0180
COG0181,COG0181
COG0182,COG0182
COG0183,COG0183
COG0184,COG0184
COG0185,COG0185
COG0186,COG0186
COG0187,COG0187
COG0188,COG0188
COG0189,COG0189
COG0190,COG0190
COG0191,COG0191
COG0192,COG0192
COG0193,COG0193
COG0194,COG0194
COG0195,COG0195
COG0196,COG0196
COG0197,COG0197
COG0198,COG0198
COG0199,COG0199
COG0200,COG0200
COG0201,COG0201
COG0202,COG0202
COG0203,COG0203
COG0204,COG0204
COG0205,COG0205
COG0206,COG0206
COG0207,COG0207
COG0208,COG0208
COG0209,COG0209
COG0210,COG0210
COG0211,COG0211
COG0212,COG0212
COG0213,COG0213
COG0214,COG0214
COG0215,COG0215
COG0216,COG0216
COG0217,COG0217
COG0218,COG0218
COG0219,COG0219
COG0220,COG0220
COG0221,COG0221
COG0222,COG0222
COG0223,COG0223
COG0224,COG0224
COG0225,COG0225
COG0226,COG0226
COG0227,COG0227
COG0228,COG0228
COG0229,COG0229
COG0230,COG0230
COG0231,COG0231
COG0232,COG0232
COG0233,COG0233
COG0234,COG0234
COG0235,COG0235
COG0236,COG0236
COG0237,COG0237
COG0238,COG0238
COG0239,COG0239
COG0240,COG0240
COG0241,COG0241
COG0242,COG0242
COG0243,COG0243
COG0244,COG0244
COG0245,COG0245
COG0246,COG0246
COG0247,COG0247
COG0248,COG0248
COG0249,COG0249
COG0250,COG0250
COG0251,COG0251
COG0252,COG0252
COG0253,COG0253
COG0254,COG0254
COG0255,COG0255
COG0256,COG0256
COG0257,COG0257
COG0258,COG0258
COG0259,COG0259
COG0260,COG0260
COG0261,COG0261
COG0262,COG0262
COG0263,COG0263
COG0264,COG0264
COG0265,COG0265
COG0266,COG0266
COG0267,COG0267
COG0268,COG0268
COG0269,COG0269
COG0270,COG0270
COG0271,COG0271
COG0272,COG0272
COG0274,COG0274
COG0275,COG0275
COG0276,COG0276
COG0277,COG0277
COG0278,COG0278
COG0279,COG0279
COG0280,COG0280
COG0281,COG0281
COG0282,COG0282
COG0283,COG0283
COG0284,COG0284
COG0285,COG0285
COG0286,COG0286
COG0287,COG0287
COG0288,COG0288
COG0289,COG0289
COG0290,COG0290
COG0291,COG0291
COG0292,COG0292
COG0293,COG0293
COG0294,COG0294
COG0295,COG0295
COG0296,COG0296
COG0297,COG0297
COG0298,COG0298
COG0299,COG0299
COG0300,COG0300
COG0301,COG0301
COG0302,COG0302
COG0303,COG0303
COG0304,COG0304
COG0305,COG0305
COG0306,COG0306
COG0307,COG0307
COG0308,COG0308
COG0309,COG0309
COG0310,COG0310
COG0311,COG0311
COG0312,COG0312
COG0313,COG0313
COG0314,COG0314
COG0315,COG0315
COG0316,COG0316
COG0317,COG0317
COG0318,COG0318
COG0319,COG0319
COG0320,COG0320
COG0321,COG0321
COG0322,COG0322
COG0323,COG0323
COG0324,COG0324
COG0325,COG0325
COG0326,COG0326
COG0327,COG0327
COG0328,COG0328
COG0329,COG0329
COG0330,COG0330
COG0331,COG0331
COG0332,COG0332
COG0333,COG0333
COG0334,COG0334
COG0335,COG0335
COG0336,COG0336
COG0337,COG0337
COG0338,COG0338
COG0339,COG0339
COG0340,COG0340
COG0341,COG0341
COG0342,COG0342
COG0343,COG0343
COG0344,COG0344
COG0345,COG0345
COG0346,COG0346
COG0347,COG0347
COG0348,COG0348
COG0349,COG0349
COG0350,COG0350
COG0351,COG0351
COG0352,COG0352
COG0353,COG0353
COG0354,COG0354
COG0355,COG0355
COG0356,COG0356
COG0357,COG0357
COG0358,COG0358
COG0359,COG0359
COG0360,COG0360
COG0361,COG0361
COG0362,COG0362
COG0363,COG0363
COG0364,COG0364
COG0365,COG0365
COG0366,COG0366
COG0367,COG0367
COG0368,COG0368
COG0369,COG0369
COG0370,COG0370
COG0371,COG0371
COG0372,COG0372
COG0373,COG0373
COG0374,COG0374
COG0375,COG0375
COG0376,COG0376
COG0377,COG0377
COG0378,COG0378
COG0379,COG0379
COG0380,COG0380
COG0381,COG0381
COG0382,COG0382
COG0383,COG0383
COG0384,COG0384
COG0385,COG0385
COG0386,COG0386
COG0387,COG0387
COG0388,COG0388
COG0389,COG0389
COG0390,COG0390
COG0391,COG0391
COG0392,COG0392
COG0393,COG0393
COG0394,COG0394
COG0395,COG0395
COG0396,COG0396
COG0397,COG0397
COG0398,COG0398
COG0399,COG0399
COG0400,COG0400
COG0401,COG0401
COG0402,COG0402
COG0403,COG0403
COG0404,COG0404
COG0405,COG0405
COG0406,COG0406
COG0407,COG0407
COG0408,COG0408
COG0409,COG0409
COG0410,COG0410
COG0411,COG0411
COG0412,COG0412
COG0413,COG0413
COG0414,COG0414
COG0415,COG0415
COG0416,COG0416
COG0417,COG0417
COG0418,COG0418
COG0419,COG0419
COG0420,COG0420
COG0421,COG0421
COG0422,COG0422
COG0423,COG0423
COG0424,COG0424
COG0425,COG0425
COG0426,COG0426
COG0427,COG0427
COG0428,COG0428
COG0429,COG0429
COG0430,COG0430
COG0431,COG0431
COG0432,COG0432
COG0433,COG0433
COG0434,COG0434
COG0435,COG0435
COG0436,COG0436
COG0437,COG0437
COG0438,COG0438
COG0439,COG0439
COG0440,COG0440
COG0441,COG0441
COG0442,COG0442
COG0443,COG0443
COG0444,COG0444
COG0445,COG0445
COG0446,COG0446
COG0447,COG0447
COG0448,COG0448
COG0449,COG0449
COG0450,COG0450
COG0451,COG0451
COG0452,COG0452
COG0454,COG0454
COG0455,COG0455
COG0456,COG0456
COG0457,COG0457
COG0458,COG0458
COG0459,COG0459
COG0460,COG0460
COG0461,COG0461
COG0462,COG0462
COG0463,COG0463
COG0464,COG0464
COG0465,COG0465
COG0466,COG0466
COG0467,COG0467
COG0468,COG0468
COG0469,COG0469
COG0470,COG0470
COG0471,COG0471
COG0472,COG0472
COG0473,COG0473
COG0474,COG0474
COG0475,COG0475
COG0476,COG0476
COG0477,COG0477
COG0478,COG0478
COG0479,COG0479
COG0480,COG0480
COG0481,COG0481
COG0482,COG0482
COG0483,COG0483
COG0484,COG0484
COG0486,COG0486
COG0488,COG0488
COG0489,COG0489
COG0490,COG0490
COG0491,COG0491
COG0492,COG0492
COG0493,COG0493
COG0494,COG0494
COG0495,COG0495
COG0496,COG0496
COG0497,COG0497
COG0498,COG0498
COG0499,COG0499
COG0500,COG0500
COG0501,COG0501
COG0502,COG0502
COG0503,COG0503
COG0504,COG0504
COG0505,COG0505
COG0506,COG0506
COG0507,COG0507
COG0508,COG0508
COG0509,COG0509
COG0510,COG0510
COG0511,COG0511
COG0512,COG0512
COG0513,COG0513
COG0514,COG0514
COG0515,COG0515
COG0516,COG0516
COG0517,COG0517
COG0518,COG0518
COG0519,COG0519
COG0520,COG0520
COG0521,COG0521
COG0522,COG0522
COG0523,COG0523
COG0524,COG0524
COG0525,COG0525
COG0526,COG0526
COG0527,COG0527
COG0528,COG0528
COG0529,COG0529
COG0530,COG0530
COG0531,COG0531
COG0532,COG0532
COG0533,COG0533
COG0534,COG0534
COG0535,COG0535
COG0536,COG0536
COG0537,COG0537
COG0538,COG0538
COG0539,COG0539
COG0540,COG0540
COG0541,COG0541
COG0542,COG0542
COG0543,COG0543
COG0544,COG0544
COG0545,COG0545
COG0546,COG0546
COG0547,COG0547
COG0548,COG0548
COG0549,COG0549
COG0550,COG0550
COG0551,COG0551
COG0552,COG0552
COG0553,COG0553
COG0554,COG0554
COG0555,COG0555
COG0556,COG0556
COG0557,COG0557
COG0558,COG0558
COG0559,COG0559
COG0560,COG0560
COG0561,COG0561
COG0562,COG0562
COG0563,COG0563
COG0564,COG0564
COG0565,COG0565
COG0566,COG0566
COG0567,COG0567
COG0568,COG0568
COG0569,COG0569
COG0571,COG0571
COG0572,COG0572
COG0573,COG0573
COG0574,COG0574
COG0575,COG0575
COG0576,COG0576
COG0577,COG0577
COG0578,COG0578
COG0579,COG0579
COG0580,COG0580
COG0581,COG0581
COG0582,COG0582
COG0583,COG0583
COG0584,COG0584
COG0585,COG0585
COG0586,COG0586
COG0587,COG0587
COG0588,COG0588
COG0589,COG0589
COG0590,COG0590
COG0591,COG0591
COG0592,COG0592
COG0593,COG0593
COG0594,COG0594
COG0595,COG0595
COG0596,COG0596
COG0597,COG0597
COG0598,COG0598
COG0599,COG0599
COG0600,COG0600
COG0601,COG0601
COG0602,COG0602
COG0603,COG0603
COG0604,COG0604
COG0605,COG0605
COG0606,COG0606
COG0607,COG0607
COG0608,COG0608
COG0609,COG0609
COG0610,COG0610
COG0611,COG0611
COG0612,COG0612
COG0613,COG0613
COG0614,COG0614
COG0615,COG0615
COG0616,COG0616
COG0617,COG0617
COG0618,COG0618
COG0619,COG0619
COG0620,COG0620
COG0621,COG0621
COG0622,COG0622
COG0623,COG0623
COG0624,COG0624
COG0625,COG0625
COG0626,COG0626
COG0627,COG0627
COG0628,COG0628
COG0629,COG0629
COG0630,COG0630
COG0631,COG0631
COG0632,COG0632
COG0633,COG0633
COG0634,COG0634
COG0635,COG0635
COG0636,COG0636
COG0637,COG0637
COG0638,COG0638
COG0639,COG0639
COG0640,COG0640
COG0641,COG0641
COG0642,COG0642
COG0643,COG0643
COG0644,COG0644
COG0645,COG0645
COG0646,COG0646
COG0647,COG0647
COG0648,COG0648
COG0649,COG0649
COG0650,COG0650
COG0651,COG0651
COG0652,COG0652
COG0653,COG0653
COG0654,COG0654
COG0655,COG0655
COG0656,COG0656
COG0657,COG0657
COG0658,COG0658
COG0659,COG0659
COG0661,COG0661
COG0662,COG0662
COG0663,COG0663
COG0664,COG0664
COG0665,COG0665
COG0666,COG0666
COG0667,COG0667
COG0668,COG0668
COG0669,COG0669
COG0670,COG0670
COG0671,COG0671
COG0672,COG0672
COG0673,COG0673
COG0674,COG0674
COG0675,COG0675
COG0676,COG0676
COG0677,COG0677
COG0678,COG0678
COG0679,COG0679
COG0680,COG0680
COG0681,COG0681
COG0682,COG0682
COG0683,COG0683
COG0684,COG0684
COG0685,COG0685
COG0686,COG0686
COG0687,COG0687
COG0688,COG0688
COG0689,COG0689
COG0690,COG0690
COG0691,COG0691
COG0692,COG0692
COG0693,COG0693
COG0694,COG0694
COG0695,COG0695
COG0696,COG0696
COG0697,COG0697
COG0698,COG0698
COG0699,COG0699
COG0700,COG0700
COG0701,COG0701
COG0702,COG0702
COG0703,COG0703
COG0704,COG0704
COG0705,COG0705
COG0706,COG0706
COG0707,COG0707
COG0708,COG0708
COG0709,COG0709
COG0710,COG0710
COG0711,COG0711
COG0712,COG0712
COG0713,COG0713
COG0714,COG0714
COG0715,COG0715
COG0716,COG0716
COG0717,COG0717
COG0718,COG0718
COG0719,COG0719
COG0720,COG0720
COG0721,COG0721
COG0722,COG0722
COG0723,COG0723
COG0724,COG0724
COG0725,COG0725
COG0726,COG0726
COG0727,COG0727
COG0728,COG0728
COG0729,COG0729
COG0730,COG0730
COG0731,COG0731
COG0732,COG0732
COG0733,COG0733
COG0735,COG0735
COG0736,COG0736
COG0737,COG0737
COG0738,COG0738
COG0739,COG0739
COG0740,COG0740
COG0741,COG0741
COG0742,COG0742
COG0743,COG0743
COG0744,COG0744
COG0745,COG0745
COG0746,COG0746
COG0747,COG0747
COG0748,COG0748
COG0749,COG0749
COG0750,COG0750
COG0751,COG0751
COG0752,COG0752
COG0753,COG0753
COG0754,COG0754
COG0755,COG0755
COG0756,COG0756
COG0757,COG0757
COG0758,COG0758
COG0759,COG0759
COG0760,COG0760
COG0761,COG0761
COG0762,COG0762
COG0763,COG0763
COG0764,COG0764
COG0765,COG0765
COG0766,COG0766
COG0767,COG0767
COG0768,COG0768
COG0769,COG0769
COG0770,COG0770
COG0771,COG0771
COG0772,COG0772
COG0773,COG0773
COG0774,COG0774
COG0775,COG0775
COG0776,COG0776
COG0777,COG0777
COG0778,COG0778
COG0779,COG0779
COG0780,COG0780
COG0781,COG0781
COG0782,COG0782
COG0783,COG0783
COG0784,COG0784
COG0785,COG0785
COG0786,COG0786
COG0787,COG0787
COG0788,COG0788
COG0789,COG0789
COG0790,COG0790
COG0791,COG0791
COG0792,COG0792
COG0793,COG0793
COG0794,COG0794
COG0795,COG0795
COG0796,COG0796
COG0797,COG0797
COG0798,COG0798
COG0799,COG0799
COG0800,COG0800
COG0801,COG0801
COG0802,COG0802
COG0803,COG0803
COG0804,COG0804
COG0805,COG0805
COG0806,COG0806
COG0807,COG0807
COG0809,COG0809
COG0810,COG0810
COG0811,COG0811
COG0812,COG0812
COG0813,COG0813
COG0814,COG0814
COG0815,COG0815
COG0816,COG0816
COG0817,COG0817
COG0818,COG0818
COG0819,COG0819
COG0820,COG0820
COG0821,COG0821
COG0822,COG0822
COG0823,COG0823
COG0824,COG0824
COG0825,COG0825
COG0826,COG0826
COG0827,COG0827
COG0828,COG0828
COG0829,COG0829
COG0830,COG0830
COG0831,COG0831
COG0832,COG0832
COG0833,COG0833
COG0834,COG0834
COG0835,COG0835
COG0836,COG0836
COG0837,COG0837
COG0838,COG0838
COG0839,COG0839
COG0840,COG0840
COG0841,COG0841
COG0842,COG0842
COG0843,COG0843
COG0845,COG0845
COG0846,COG0846
COG0847,COG0847
COG0848,COG0848
COG0849,COG0849
COG0850,COG0850
COG0851,COG0851
COG0852,COG0852
COG0853,COG0853
COG0854,COG0854
COG0855,COG0855
COG0856,COG0856
COG0857,COG0857
COG0858,COG0858
COG0859,COG0859
COG0860,COG0860
COG0861,COG0861
COG0863,COG0863
COG0864,COG0864
COG1001,COG1001
COG1002,COG1002
COG1003,COG1003
COG1004,COG1004
COG1005,COG1005
COG1006,COG1006
COG1007,COG1007
COG1008,COG1008
COG1009,COG1009
COG1010,COG1010
COG1011,COG1011
COG1012,COG1012
COG1013,COG1013
COG1014,COG1014
COG1015,COG1015
COG1017,COG1017
COG1018,COG1018
COG1019,COG1019
COG1020,COG1020
COG1021,COG1021
COG1022,COG1022
COG1023,COG1023
COG1024,COG1024
COG1025,COG1025
COG1026,COG1026
COG1027,COG1027
COG1028,COG1028
COG1029,COG1029
COG1030,COG1030
COG1031,COG1031
COG1032,COG1032
COG1033,COG1033
COG1034,COG1034
COG1035,COG1035
COG1036,COG1036
COG1038,COG1038
COG1039,COG1039
COG1040,COG1040
COG1041,COG1041
COG1042,COG1042
COG1043,COG1043
COG1044,COG1044
COG1045,COG1045
COG1047,COG1047
COG1048,COG1048
COG1049,COG1049
COG1051,COG1051
COG1052,COG1052
COG1053,COG1053
COG1054,COG1054
COG1055,COG1055
COG1056,COG1056
COG1057,COG1057
COG1058,COG1058
COG1059,COG1059
COG1060,COG1060
COG1061,COG1061
COG1062,COG1062
COG1063,COG1063
COG1064,COG1064
COG1066,COG1066
COG1067,COG1067
COG1069,COG1069
COG1070,COG1070
COG1071,COG1071
COG1072,COG1072
COG1073,COG1073
COG1074,COG1074
COG1075,COG1075
COG1076,COG1076
COG1077,COG1077
COG1078,COG1078
COG1079,COG1079
COG1080,COG1080
COG1082,COG1082
COG1083,COG1083
COG1084,COG1084
COG1085,COG1085
COG1086,COG1086
COG1087,COG1087
COG1088,COG1088
COG1089,COG1089
COG1090,COG1090
COG1091,COG1091
COG1092,COG1092
COG1093,COG1093
COG1094,COG1094
COG1095,COG1095
COG1096,COG1096
COG1097,COG1097
COG1098,COG1098
COG1099,COG1099
COG1100,COG1100
COG1101,COG1101
COG1102,COG1102
COG1103,COG1103
COG1104,COG1104
COG1105,COG1105
COG1106,COG1106
COG1107,COG1107
COG1108,COG1108
COG1109,COG1109
COG1110,COG1110
COG1111,COG1111
COG1112,COG1112
COG1113,COG1113
COG1114,COG1114
COG1115,COG1115
COG1116,COG1116
COG1117,COG1117
COG1118,COG1118
COG1119,COG1119
COG1120,COG1120
COG1121,COG1121
COG1122,COG1122
COG1123,COG1123
COG1124,COG1124
COG1125,COG1125
COG1126,COG1126
COG1127,COG1127
COG1129,COG1129
COG1131,COG1131
COG1132,COG1132
COG1133,COG1133
COG1134,COG1134
COG1135,COG1135
COG1136,COG1136
COG1137,COG1137
COG1138,COG1138
COG1139,COG1139
COG1140,COG1140
COG1141,COG1141
COG1142,COG1142
COG1143,COG1143
COG1144,COG1144
COG1145,COG1145
COG1146,COG1146
COG1148,COG1148
COG1149,COG1149
COG1150,COG1150
COG1151,COG1151
COG1152,COG1152
COG1153,COG1153
COG1154,COG1154
COG1155,COG1155
COG1156,COG1156
COG1157,COG1157
COG1158,COG1158
COG1159,COG1159
COG1160,COG1160
COG1161,COG1161
COG1162,COG1162
COG1163,COG1163
COG1164,COG1164
COG1165,COG1165
COG1166,COG1166
COG1167,COG1167
COG1168,COG1168
COG1169,COG1169
COG1171,COG1171
COG1172,COG1172
COG1173,COG1173
COG1174,COG1174
COG1175,COG1175
COG1176,COG1176
COG1177,COG1177
COG1178,COG1178
COG1179,COG1179
COG1180,COG1180
COG1181,COG1181
COG1182,COG1182
COG1183,COG1183
COG1184,COG1184
COG1185,COG1185
COG1186,COG1186
COG1187,COG1187
COG1188,COG1188
COG1189,COG1189
COG1190,COG1190
COG1191,COG1191
COG1192,COG1192
COG1193,COG1193
COG1194,COG1194
COG1195,COG1195
COG1196,COG1196
COG1197,COG1197
COG1198,COG1198
COG1199,COG1199
COG1200,COG1200
COG1201,COG1201
COG1202,COG1202
COG1203,COG1203
COG1204,COG1204
COG1205,COG1205
COG1206,COG1206
COG1207,COG1207
COG1208,COG1208
COG1209,COG1209
COG1210,COG1210
COG1211,COG1211
COG1212,COG1212
COG1213,COG1213
COG1214,COG1214
COG1215,COG1215
COG1216,COG1216
COG1217,COG1217
COG1218,COG1218
COG1219,COG1219
COG1220,COG1220
COG1221,COG1221
COG1222,COG1222
COG1223,COG1223
COG1224,COG1224
COG1225,COG1225
COG1226,COG1226
COG1227,COG1227
COG1228,COG1228
COG1229,COG1229
COG1230,COG1230
COG1231,COG1231
COG1232,COG1232
COG1233,COG1233
COG1234,COG1234
COG1235,COG1235
COG1236,COG1236
COG1237,COG1237
COG1238,COG1238
COG1239,COG1239
COG1240,COG1240
COG1241,COG1241
COG1242,COG1242
COG1243,COG1243
COG1244,COG1244
COG1245,COG1245
COG1246,COG1246
COG1247,COG1247
COG1249,COG1249
COG1250,COG1250
COG1251,COG1251
COG1252,COG1252
COG1253,COG1253
COG1254,COG1254
COG1255,COG1255
COG1256,COG1256
COG1257,COG1257
COG1258,COG1258
COG1259,COG1259
COG1260,COG1260
COG1261,COG1261
COG1262,COG1262
COG1263,COG1263
COG1264,COG1264
COG1266,COG1266
COG1267,COG1267
COG1268,COG1268
COG1269,COG1269
COG1270,COG1270
COG1271,COG1271
COG1272,COG1272
COG1273,COG1273
COG1274,COG1274
COG1275,COG1275
COG1276,COG1276
COG1277,COG1277
COG1278,COG1278
COG1279,COG1279
COG1280,COG1280
COG1281,COG1281
COG1282,COG1282
COG1283,COG1283
COG1284,COG1284
COG1285,COG1285
COG1286,COG1286
COG1287,COG1287
COG1288,COG1288
COG1289,COG1289
COG1290,COG1290
COG1291,COG1291
COG1292,COG1292
COG1293,COG1293
COG1294,COG1294
COG1295,COG1295
COG1296,COG1296
COG1297,COG1297
COG1298,COG1298
COG1299,COG1299
COG1300,COG1300
COG1301,COG1301
COG1302,COG1302
COG1303,COG1303
COG1304,COG1304
COG1305,COG1305
COG1306,COG1306
COG1307,COG1307
COG1308,COG1308
COG1309,COG1309
COG1310,COG1310
COG1311,COG1311
COG1312,COG1312
COG1313,COG1313
COG1314,COG1314
COG1315,COG1315
COG1316,COG1316
COG1317,COG1317
COG1318,COG1318
COG1319,COG1319
COG1320,COG1320
COG1321,COG1321
COG1322,COG1322
COG1323,COG1323
COG1324,COG1324
COG1325,COG1325
COG1326,COG1326
COG1327,COG1327
COG1328,COG1328
COG1329,COG1329
COG1330,COG1330
COG1331,COG1331
COG1332,COG1332
COG1333,COG1333
COG1334,COG1334
COG1335,COG1335
COG1336,COG1336
COG1337,COG1337
COG1338,COG1338
COG1339,COG1339
COG1340,COG1340
COG1341,COG1341
COG1342,COG1342
COG1343,COG1343
COG1344,COG1344
COG1345,COG1345
COG1346,COG1346
COG1347,COG1347
COG1348,COG1348
COG1349,COG1349
COG1350,COG1350
COG1351,COG1351
COG1352,COG1352
COG1353,COG1353
COG1354,COG1354
COG1355,COG1355
COG1356,COG1356
COG1357,COG1357
COG1358,COG1358
COG1359,COG1359
COG1360,COG1360
COG1361,COG1361
COG1362,COG1362
COG1363,COG1363
COG1364,COG1364
COG1365,COG1365
COG1366,COG1366
COG1367,COG1367
COG1368,COG1368
COG1369,COG1369
COG1370,COG1370
COG1371,COG1371
COG1372,COG1372
COG1373,COG1373
COG1374,COG1374
COG1376,COG1376
COG1377,COG1377
COG1378,COG1378
COG1379,COG1379
COG1380,COG1380
COG1381,COG1381
COG1382,COG1382
COG1383,COG1383
COG1384,COG1384
COG1385,COG1385
COG1386,COG1386
COG1387,COG1387
COG1388,COG1388
COG1389,COG1389
COG1390,COG1390
COG1391,COG1391
COG1392,COG1392
COG1393,COG1393
COG1394,COG1394
COG1395,COG1395
COG1396,COG1396
COG1397,COG1397
COG1398,COG1398
COG1399,COG1399
COG1400,COG1400
COG1401,COG1401
COG1402,COG1402
COG1403,COG1403
COG1404,COG1404
COG1405,COG1405
COG1406,COG1406
COG1407,COG1407
COG1408,COG1408
COG1409,COG1409
COG1410,COG1410
COG1411,COG1411
COG1412,COG1412
COG1413,COG1413
COG1414,COG1414
COG1415,COG1415
COG1416,COG1416
COG1417,COG1417
COG1418,COG1418
COG1419,COG1419
COG1420,COG1420
COG1421,COG1421
COG1422,COG1422
COG1423,COG1423
COG1424,COG1424
COG1426,COG1426
COG1427,COG1427
COG1428,COG1428
COG1429,COG1429
COG1430,COG1430
COG1431,COG1431
COG1432,COG1432
COG1433,COG1433
COG1434,COG1434
COG1435,COG1435
COG1436,COG1436
COG1437,COG1437
COG1438,COG1438
COG1439,COG1439
COG1440,COG1440
COG1441,COG1441
COG1442,COG1442
COG1443,COG1443
COG1444,COG1444
COG1445,COG1445
COG1446,COG1446
COG1447,COG1447
COG1448,COG1448
COG1449,COG1449
COG1450,COG1450
COG1451,COG1451
COG1452,COG1452
COG1453,COG1453
COG1454,COG1454
COG1455,COG1455
COG1456,COG1456
COG1457,COG1457
COG1458,COG1458
COG1459,COG1459
COG1460,COG1460
COG1461,COG1461
COG1462,COG1462
COG1463,COG1463
COG1464,COG1464
COG1465,COG1465
COG1466,COG1466
COG1467,COG1467
COG1468,COG1468
COG1469,COG1469
COG1470,COG1470
COG1471,COG1471
COG1472,COG1472
COG1473,COG1473
COG1474,COG1474
COG1475,COG1475
COG1476,COG1476
COG1477,COG1477
COG1478,COG1478
COG1479,COG1479
COG1480,COG1480
COG1481,COG1481
COG1482,COG1482
COG1483,COG1483
COG1484,COG1484
COG1485,COG1485
COG1486,COG1486
COG1487,COG1487
COG1488,COG1488
COG1489,COG1489
COG1490,COG1490
COG1491,COG1491
COG1492,COG1492
COG1493,COG1493
COG1494,COG1494
COG1495,COG1495
COG1496,COG1496
COG1497,COG1497
COG1498,COG1498
COG1499,COG1499
COG1500,COG1500
COG1501,COG1501
COG1502,COG1502
COG1503,COG1503
COG1504,COG1504
COG1505,COG1505
COG1506,COG1506
COG1507,COG1507
COG1508,COG1508
COG1509,COG1509
COG1510,COG1510
COG1511,COG1511
COG1512,COG1512
COG1513,COG1513
COG1514,COG1514
COG1515,COG1515
COG1516,COG1516
COG1517,COG1517
COG1518,COG1518
COG1519,COG1519
COG1520,COG1520
COG1521,COG1521
COG1522,COG1522
COG1523,COG1523
COG1524,COG1524
COG1525,COG1525
COG1526,COG1526
COG1527,COG1527
COG1528,COG1528
COG1529,COG1529
COG1530,COG1530
COG1531,COG1531
COG1532,COG1532
COG1533,COG1533
COG1534,COG1534
COG1535,COG1535
COG1536,COG1536
COG1537,COG1537
COG1538,COG1538
COG1539,COG1539
COG1540,COG1540
COG1541,COG1541
COG1542,COG1542
COG1543,COG1543
COG1544,COG1544
COG1545,COG1545
COG1546,COG1546
COG1547,COG1547
COG1548,COG1548
COG1549,COG1549
COG1550,COG1550
COG1551,COG1551
COG1552,COG1552
COG1553,COG1553
COG1554,COG1554
COG1555,COG1555
COG1556,COG1556
COG1558,COG1558
COG1559,COG1559
COG1560,COG1560
COG1561,COG1561
COG1562,COG1562
COG1563,COG1563
COG1564,COG1564
COG1565,COG1565
COG1566,COG1566
COG1567,COG1567
COG1568,COG1568
COG1569,COG1569
COG1570,COG1570
COG1571,COG1571
COG1572,COG1572
COG1573,COG1573
COG1574,COG1574
COG1575,COG1575
COG1576,COG1576
COG1577,COG1577
COG1578,COG1578
COG1579,COG1579
COG1580,COG1580
COG1581,COG1581
COG1582,COG1582
COG1583,COG1583
COG1584,COG1584
COG1585,COG1585
COG1586,COG1586
COG1587,COG1587
COG1588,COG1588
COG1589,COG1589
COG1590,COG1590
COG1591,COG1591
COG1592,COG1592
COG1593,COG1593
COG1594,COG1594
COG1595,COG1595
COG1596,COG1596
COG1597,COG1597
COG1598,COG1598
COG1599,COG1599
COG1600,COG1600
COG1601,COG1601
COG1602,COG1602
COG1603,COG1603
COG1604,COG1604
COG1605,COG1605
COG1606,COG1606
COG1607,COG1607
COG1608,COG1608
COG1609,COG1609
COG1610,COG1610
COG1611,COG1611
COG1612,COG1612
COG1613,COG1613
COG1614,COG1614
COG1615,COG1615
COG1617,COG1617
COG1618,COG1618
COG1619,COG1619
COG1620,COG1620
COG1621,COG1621
COG1622,COG1622
COG1623,COG1623
COG1624,COG1624
COG1625,COG1625
COG1626,COG1626
COG1627,COG1627
COG1628,COG1628
COG1629,COG1629
COG1630,COG1630
COG1631,COG1631
COG1632,COG1632
COG1633,COG1633
COG1634,COG1634
COG1635,COG1635
COG1636,COG1636
COG1637,COG1637
COG1638,COG1638
COG1639,COG1639
COG1640,COG1640
COG1641,COG1641
COG1643,COG1643
COG1644,COG1644
COG1645,COG1645
COG1646,COG1646
COG1647,COG1647
COG1648,COG1648
COG1649,COG1649
COG1650,COG1650
COG1651,COG1651
COG1652,COG1652
COG1653,COG1653
COG1654,COG1654
COG1655,COG1655
COG1656,COG1656
COG1657,COG1657
COG1658,COG1658
COG1659,COG1659
COG1660,COG1660
COG1661,COG1661
COG1662,COG1662
COG1663,COG1663
COG1664,COG1664
COG1665,COG1665
COG1666,COG1666
COG1667,COG1667
COG1668,COG1668
COG1669,COG1669
COG1670,COG1670
COG1671,COG1671
COG1672,COG1672
COG1673,COG1673
COG1674,COG1674
COG1675,COG1675
COG1676,COG1676
COG1677,COG1677
COG1678,COG1678
COG1679,COG1679
COG1680,COG1680
COG1681,COG1681
COG1682,COG1682
COG1683,COG1683
COG1684,COG1684
COG1685,COG1685
COG1686,COG1686
COG1687,COG1687
COG1688,COG1688
COG1689,COG1689
COG1690,COG1690
COG1691,COG1691
COG1692,COG1692
COG1693,COG1693
COG1694,COG1694
COG1695,COG1695
COG1696,COG1696
COG1697,COG1697
COG1698,COG1698
COG1699,COG1699
COG1700,COG1700
COG1701,COG1701
COG1702,COG1702
COG1703,COG1703
COG1704,COG1704
COG1705,COG1705
COG1706,COG1706
COG1707,COG1707
COG1708,COG1708
COG1709,COG1709
COG1710,COG1710
COG1711,COG1711
COG1712,COG1712
COG1713,COG1713
COG1714,COG1714
COG1715,COG1715
COG1716,COG1716
COG1717,COG1717
COG1718,COG1718
COG1719,COG1719
COG1720,COG1720
COG1721,COG1721
COG1722,COG1722
COG1723,COG1723
COG1724,COG1724
COG1725,COG1725
COG1726,COG1726
COG1727,COG1727
COG1728,COG1728
COG1729,COG1729
COG1730,COG1730
COG1731,COG1731
COG1732,COG1732
COG1733,COG1733
COG1734,COG1734
COG1735,COG1735
COG1736,COG1736
COG1737,COG1737
COG1738,COG1738
COG1739,COG1739
COG1740,COG1740
COG1741,COG1741
COG1742,COG1742
COG1743,COG1743
COG1744,COG1744
COG1745,COG1745
COG1746,COG1746
COG1747,COG1747
COG1748,COG1748
COG1749,COG1749
COG1750,COG1750
COG1751,COG1751
COG1752,COG1752
COG1753,COG1753
COG1754,COG1754
COG1755,COG1755
COG1756,COG1756
COG1757,COG1757
COG1758,COG1758
COG1759,COG1759
COG1760,COG1760
COG1761,COG1761
COG1762,COG1762
COG1763,COG1763
COG1764,COG1764
COG1765,COG1765
COG1766,COG1766
COG1767,COG1767
COG1768,COG1768
COG1769,COG1769
COG1770,COG1770
COG1771,COG1771
COG1772,COG1772
COG1773,COG1773
COG1774,COG1774
COG1775,COG1775
COG1776,COG1776
COG1777,COG1777
COG1778,COG1778
COG1779,COG1779
COG1780,COG1780
COG1781,COG1781
COG1782,COG1782
COG1783,COG1783
COG1784,COG1784
COG1785,COG1785
COG1786,COG1786
COG1787,COG1787
COG1788,COG1788
COG1790,COG1790
COG1791,COG1791
COG1792,COG1792
COG1793,COG1793
COG1794,COG1794
COG1795,COG1795
COG1796,COG1796
COG1797,COG1797
COG1798,COG1798
COG1799,COG1799
COG1800,COG1800
COG1801,COG1801
COG1802,COG1802
COG1803,COG1803
COG1804,COG1804
COG1805,COG1805
COG1806,COG1806
COG1807,COG1807
COG1808,COG1808
COG1809,COG1809
COG1810,COG1810
COG1811,COG1811
COG1812,COG1812
COG1813,COG1813
COG1814,COG1814
COG1815,COG1815
COG1816,COG1816
COG1817,COG1817
COG1818,COG1818
COG1819,COG1819
COG1820,COG1820
COG1821,COG1821
COG1822,COG1822
COG1823,COG1823
COG1824,COG1824
COG1825,COG1825
COG1826,COG1826
COG1827,COG1827
COG1828,COG1828
COG1829,COG1829
COG1830,COG1830
COG1831,COG1831
COG1832,COG1832
COG1833,COG1833
COG1834,COG1834
COG1835,COG1835
COG1836,COG1836
COG1837,COG1837
COG1838,COG1838
COG1839,COG1839
COG1840,COG1840
COG1841,COG1841
COG1842,COG1842
COG1843,COG1843
COG1844,COG1844
COG1845,COG1845
COG1846,COG1846
COG1847,COG1847
COG1848,COG1848
COG1849,COG1849
COG1850,COG1850
COG1851,COG1851
COG1852,COG1852
COG1853,COG1853
COG1854,COG1854
COG1855,COG1855
COG1856,COG1856
COG1857,COG1857
COG1858,COG1858
COG1859,COG1859
COG1860,COG1860
COG1861,COG1861
COG1862,COG1862
COG1863,COG1863
COG1864,COG1864
COG1865,COG1865
COG1866,COG1866
COG1867,COG1867
COG1868,COG1868
COG1869,COG1869
COG1871,COG1871
COG1872,COG1872
COG1873,COG1873
COG1874,COG1874
COG1875,COG1875
COG1876,COG1876
COG1877,COG1877
COG1878,COG1878
COG1879,COG1879
COG1880,COG1880
COG1881,COG1881
COG1882,COG1882
COG1883,COG1883
COG1884,COG1884
COG1885,COG1885
COG1886,COG1886
COG1887,COG1887
COG1888,COG1888
COG1889,COG1889
COG1890,COG1890
COG1891,COG1891
COG1892,COG1892
COG1893,COG1893
COG1894,COG1894
COG1895,COG1895
COG1896,COG1896
COG1897,COG1897
COG1898,COG1898
COG1899,COG1899
COG1900,COG1900
COG1901,COG1901
COG1902,COG1902
COG1903,COG1903
COG1904,COG1904
COG1905,COG1905
COG1906,COG1906
COG1907,COG1907
COG1908,COG1908
COG1909,COG1909
COG1910,COG1910
COG1911,COG1911
COG1912,COG1912
COG1913,COG1913
COG1914,COG1914
COG1915,COG1915
COG1916,COG1916
COG1917,COG1917
COG1918,COG1918
COG1920,COG1920
COG1921,COG1921
COG1922,COG1922
COG1923,COG1923
COG1924,COG1924
COG1925,COG1925
COG1926,COG1926
COG1927,COG1927
COG1928,COG1928
COG1929,COG1929
COG1930,COG1930
COG1931,COG1931
COG1932,COG1932
COG1933,COG1933
COG1934,COG1934
COG1935,COG1935
COG1936,COG1936
COG1937,COG1937
COG1938,COG1938
COG1939,COG1939
COG1940,COG1940
COG1941,COG1941
COG1942,COG1942
COG1943,COG1943
COG1944,COG1944
COG1945,COG1945
COG1946,COG1946
COG1947,COG1947
COG1948,COG1948
COG1949,COG1949
COG1950,COG1950
COG1951,COG1951
COG1952,COG1952
COG1953,COG1953
COG1954,COG1954
COG1955,COG1955
COG1956,COG1956
COG1957,COG1957
COG1958,COG1958
COG1959,COG1959
COG1960,COG1960
COG1961,COG1961
COG1962,COG1962
COG1963,COG1963
COG1964,COG1964
COG1965,COG1965
COG1966,COG1966
COG1967,COG1967
COG1968,COG1968
COG1969,COG1969
COG1970,COG1970
COG1971,COG1971
COG1972,COG1972
COG1973,COG1973
COG1974,COG1974
COG1975,COG1975
COG1976,COG1976
COG1977,COG1977
COG1978,COG1978
COG1979,COG1979
COG1980,COG1980
COG1981,COG1981
COG1982,COG1982
COG1983,COG1983
COG1984,COG1984
COG1985,COG1985
COG1986,COG1986
COG1987,COG1987
COG1988,COG1988
COG1989,COG1989
COG1990,COG1990
COG1991,COG1991
COG1992,COG1992
COG1993,COG1993
COG1994,COG1994
COG1995,COG1995
COG1996,COG1996
COG1997,COG1997
COG1998,COG1998
COG1999,COG1999
COG2000,COG2000
COG2001,COG2001
COG2002,COG2002
COG2003,COG2003
COG2004,COG2004
COG2005,COG2005
COG2006,COG2006
COG2007,COG2007
COG2008,COG2008
COG2009,COG2009
COG2010,COG2010
COG2011,COG2011
COG2012,COG2012
COG2013,COG2013
COG2014,COG2014
COG2015,COG2015
COG2016,COG2016
COG2017,COG2017
COG2018,COG2018
COG2019,COG2019
COG2020,COG2020
COG2021,COG2021
COG2022,COG2022
COG2023,COG2023
COG2024,COG2024
COG2025,COG2025
COG2026,COG2026
COG2027,COG2027
COG2028,COG2028
COG2029,COG2029
COG2030,COG2030
COG2031,COG2031
COG2032,COG2032
COG2033,COG2033
COG2034,COG2034
COG2035,COG2035
COG2036,COG2036
COG2037,COG2037
COG2038,COG2038
COG2039,COG2039
COG2040,COG2040
COG2041,COG2041
COG2042,COG2042
COG2043,COG2043
COG2044,COG2044
COG2045,COG2045
COG2046,COG2046
COG2047,COG2047
COG2048,COG2048
COG2049,COG2049
COG2050,COG2050
COG2051,COG2051
COG2052,COG2052
COG2053,COG2053
COG2054,COG2054
COG2055,COG2055
COG2056,COG2056
COG2057,COG2057
COG2058,COG2058
COG2059,COG2059
COG2060,COG2060
COG2061,COG2061
COG2062,COG2062
COG2063,COG2063
COG2064,COG2064
COG2065,COG2065
COG2066,COG2066
COG2067,COG2067
COG2068,COG2068
COG2069,COG2069
COG2070,COG2070
COG2071,COG2071
COG2072,COG2072
COG2073,COG2073
COG2074,COG2074
COG2075,COG2075
COG2076,COG2076
COG2077,COG2077
COG2078,COG2078
COG2079,COG2079
COG2080,COG2080
COG2081,COG2081
COG2082,COG2082
COG2083,COG2083
COG2084,COG2084
COG2085,COG2085
COG2086,COG2086
COG2087,COG2087
COG2088,COG2088
COG2089,COG2089
COG2090,COG2090
COG2091,COG2091
COG2092,COG2092
COG2093,COG2093
COG2094,COG2094
COG2095,COG2095
COG2096,COG2096
COG2097,COG2097
COG2098,COG2098
COG2099,COG2099
COG2100,COG2100
COG2101,COG2101
COG2102,COG2102
COG2103,COG2103
COG2104,COG2104
COG2105,COG2105
COG2106,COG2106
COG2107,COG2107
COG2108,COG2108
COG2109,COG2109
COG2110,COG2110
COG2111,COG2111
COG2112,COG2112
COG2113,COG2113
COG2114,COG2114
COG2115,COG2115
COG2116,COG2116
COG2117,COG2117
COG2118,COG2118
COG2119,COG2119
COG2120,COG2120
COG2121,COG2121
COG2122,COG2122
COG2123,COG2123
COG2124,COG2124
COG2125,COG2125
COG2126,COG2126
COG2127,COG2127
COG2128,COG2128
COG2129,COG2129
COG2130,COG2130
COG2131,COG2131
COG2132,COG2132
COG2133,COG2133
COG2134,COG2134
COG2135,COG2135
COG2136,COG2136
COG2137,COG2137
COG2138,COG2138
COG2139,COG2139
COG2140,COG2140
COG2141,COG2141
COG2142,COG2142
COG2143,COG2143
COG2144,COG2144
COG2145,COG2145
COG2146,COG2146
COG2147,COG2147
COG2148,COG2148
COG2149,COG2149
COG2150,COG2150
COG2151,COG2151
COG2152,COG2152
COG2153,COG2153
COG2154,COG2154
COG2155,COG2155
COG2156,COG2156
COG2157,COG2157
COG2158,COG2158
COG2159,COG2159
COG2160,COG2160
COG2161,COG2161
COG2162,COG2162
COG2163,COG2163
COG2164,COG2164
COG2165,COG2165
COG2166,COG2166
COG2167,COG2167
COG2168,COG2168
COG2169,COG2169
COG2170,COG2170
COG2171,COG2171
COG2172,COG2172
COG2173,COG2173
COG2174,COG2174
COG2175,COG2175
COG2176,COG2176
COG2177,COG2177
COG2178,COG2178
COG2179,COG2179
COG2180,COG2180
COG2181,COG2181
COG2182,COG2182
COG2183,COG2183
COG2184,COG2184
COG2185,COG2185
COG2186,COG2186
COG2187,COG2187
COG2188,COG2188
COG2189,COG2189
COG2190,COG2190
COG2191,COG2191
COG2192,COG2192
COG2193,COG2193
COG2194,COG2194
COG2195,COG2195
COG2197,COG2197
COG2198,COG2198
COG2199,COG2199
COG2200,COG2200
COG2201,COG2201
COG2202,COG2202
COG2203,COG2203
COG2204,COG2204
COG2205,COG2205
COG2206,COG2206
COG2207,COG2207
COG2208,COG2208
COG2209,COG2209
COG2210,COG2210
COG2211,COG2211
COG2212,COG2212
COG2213,COG2213
COG2214,COG2214
COG2215,COG2215
COG2216,COG2216
COG2217,COG2217
COG2218,COG2218
COG2219,COG2219
COG2220,COG2220
COG2221,COG2221
COG2222,COG2222
COG2223,COG2223
COG2224,COG2224
COG2225,COG2225
COG2226,COG2226
COG2227,COG2227
COG2229,COG2229
COG2230,COG2230
COG2231,COG2231
COG2232,COG2232
COG2233,COG2233
COG2234,COG2234
COG2235,COG2235
COG2236,COG2236
COG2237,COG2237
COG2238,COG2238
COG2239,COG2239
COG2240,COG2240
COG2241,COG2241
COG2242,COG2242
COG2243,COG2243
COG2244,COG2244
COG2245,COG2245
COG2246,COG2246
COG2247,COG2247
COG2248,COG2248
COG2249,COG2249
COG2250,COG2250
COG2251,COG2251
COG2252,COG2252
COG2253,COG2253
COG2254,COG2254
COG2255,COG2255
COG2256,COG2256
COG2257,COG2257
COG2258,COG2258
COG2259,COG2259
COG2260,COG2260
COG2261,COG2261
COG2262,COG2262
COG2263,COG2263
COG2264,COG2264
COG2265,COG2265
COG2266,COG2266
COG2267,COG2267
COG2268,COG2268
COG2269,COG2269
COG2270,COG2270
COG2271,COG2271
COG2272,COG2272
COG2273,COG2273
COG2274,COG2274
COG2301,COG2301
COG2302,COG2302
COG2303,COG2303
COG2304,COG2304
COG2306,COG2306
COG2307,COG2307
COG2308,COG2308
COG2309,COG2309
COG2310,COG2310
COG2311,COG2311
COG2312,COG2312
COG2313,COG2313
COG2314,COG2314
COG2315,COG2315
COG2316,COG2316
COG2317,COG2317
COG2318,COG2318
COG2319,COG2319
COG2320,COG2320
COG2321,COG2321
COG2322,COG2322
COG2323,COG2323
COG2324,COG2324
COG2326,COG2326
COG2327,COG2327
COG2329,COG2329
COG2331,COG2331
COG2332,COG2332
COG2333,COG2333
COG2334,COG2334
COG2335,COG2335
COG2336,COG2336
COG2337,COG2337
COG2339,COG2339
COG2340,COG2340
COG2342,COG2342
COG2343,COG2343
COG2344,COG2344
COG2345,COG2345
COG2346,COG2346
COG2348,COG2348
COG2350,COG2350
COG2351,COG2351
COG2352,COG2352
COG2353,COG2353
COG2354,COG2354
COG2355,COG2355
COG2356,COG2356
COG2357,COG2357
COG2358,COG2358
COG2359,COG2359
COG2360,COG2360
COG2361,COG2361
COG2362,COG2362
COG2363,COG2363
COG2364,COG2364
COG2365,COG2365
COG2366,COG2366
COG2367,COG2367
COG2368,COG2368
COG2369,COG2369
COG2370,COG2370
COG2371,COG2371
COG2372,COG2372
COG2373,COG2373
COG2374,COG2374
COG2375,COG2375
COG2376,COG2376
COG2377,COG2377
COG2378,COG2378
COG2379,COG2379
COG2380,COG2380
COG2382,COG2382
COG2383,COG2383
COG2384,COG2384
COG2385,COG2385
COG2386,COG2386
COG2388,COG2388
COG2389,COG2389
COG2390,COG2390
COG2391,COG2391
COG2401,COG2401
COG2402,COG2402
COG2403,COG2403
COG2404,COG2404
COG2405,COG2405
COG2406,COG2406
COG2407,COG2407
COG2409,COG2409
COG2410,COG2410
COG2411,COG2411
COG2412,COG2412
COG2413,COG2413
COG2414,COG2414
COG2419,COG2419
COG2421,COG2421
COG2423,COG2423
COG2425,COG2425
COG2426,COG2426
COG2427,COG2427
COG2428,COG2428
COG2429,COG2429
COG2430,COG2430
COG2431,COG2431
COG2433,COG2433
COG2440,COG2440
COG2441,COG2441
COG2442,COG2442
COG2443,COG2443
COG2445,COG2445
COG2450,COG2450
COG2451,COG2451
COG2452,COG2452
COG2453,COG2453
COG2454,COG2454
COG2456,COG2456
COG2457,COG2457
COG2461,COG2461
COG2469,COG2469
COG2501,COG2501
COG2502,COG2502
COG2503,COG2503
COG2508,COG2508
COG2509,COG2509
COG2510,COG2510
COG2511,COG2511
COG2512,COG2512
COG2513,COG2513
COG2514,COG2514
COG2515,COG2515
COG2516,COG2516
COG2517,COG2517
COG2518,COG2518
COG2519,COG2519
COG2520,COG2520
COG2521,COG2521
COG2522,COG2522
COG2524,COG2524
COG2602,COG2602
COG2603,COG2603
COG2604,COG2604
COG2605,COG2605
COG2606,COG2606
COG2607,COG2607
COG2608,COG2608
COG2609,COG2609
COG2610,COG2610
COG2703,COG2703
COG2704,COG2704
COG2706,COG2706
COG2707,COG2707
COG2710,COG2710
COG2715,COG2715
COG2716,COG2716
COG2717,COG2717
COG2718,COG2718
COG2719,COG2719
COG2720,COG2720
COG2721,COG2721
COG2723,COG2723
COG2730,COG2730
COG2731,COG2731
COG2732,COG2732
COG2733,COG2733
COG2738,COG2738
COG2739,COG2739
COG2740,COG2740
COG2746,COG2746
COG2747,COG2747
COG2755,COG2755
COG2759,COG2759
COG2761,COG2761
COG2764,COG2764
COG2766,COG2766
COG2768,COG2768
COG2770,COG2770
COG2771,COG2771
COG2801,COG2801
COG2802,COG2802
COG2804,COG2804
COG2805,COG2805
COG2807,COG2807
COG2808,COG2808
COG2810,COG2810
COG2811,COG2811
COG2812,COG2812
COG2813,COG2813
COG2814,COG2814
COG2815,COG2815
COG2816,COG2816
COG2818,COG2818
COG2819,COG2819
COG2820,COG2820
COG2821,COG2821
COG2822,COG2822
COG2823,COG2823
COG2824,COG2824
COG2825,COG2825
COG2826,COG2826
COG2827,COG2827
COG2828,COG2828
COG2829,COG2829
COG2830,COG2830
COG2831,COG2831
COG2832,COG2832
COG2833,COG2833
COG2834,COG2834
COG2835,COG2835
COG2836,COG2836
COG2837,COG2837
COG2838,COG2838
COG2839,COG2839
COG2840,COG2840
COG2841,COG2841
COG2842,COG2842
COG2843,COG2843
COG2844,COG2844
COG2845,COG2845
COG2846,COG2846
COG2847,COG2847
COG2848,COG2848
COG2849,COG2849
COG2850,COG2850
COG2851,COG2851
COG2852,COG2852
COG2853,COG2853
COG2854,COG2854
COG2855,COG2855
COG2856,COG2856
COG2857,COG2857
COG2859,COG2859
COG2860,COG2860
COG2861,COG2861
COG2862,COG2862
COG2863,COG2863
COG2864,COG2864
COG2865,COG2865
COG2866,COG2866
COG2867,COG2867
COG2868,COG2868
COG2869,COG2869
COG2870,COG2870
COG2871,COG2871
COG2872,COG2872
COG2873,COG2873
COG2874,COG2874
COG2875,COG2875
COG2876,COG2876
COG2877,COG2877
COG2878,COG2878
COG2879,COG2879
COG2880,COG2880
COG2881,COG2881
COG2882,COG2882
COG2884,COG2884
COG2885,COG2885
COG2886,COG2886
COG2887,COG2887
COG2888,COG2888
COG2890,COG2890
COG2891,COG2891
COG2892,COG2892
COG2893,COG2893
COG2894,COG2894
COG2895,COG2895
COG2896,COG2896
COG2897,COG2897
COG2898,COG2898
COG2899,COG2899
COG2900,COG2900
COG2901,COG2901
COG2902,COG2902
COG2904,COG2904
COG2905,COG2905
COG2906,COG2906
COG2907,COG2907
COG2908,COG2908
COG2909,COG2909
COG2910,COG2910
COG2911,COG2911
COG2912,COG2912
COG2913,COG2913
COG2914,COG2914
COG2915,COG2915
COG2916,COG2916
COG2917,COG2917
COG2918,COG2918
COG2919,COG2919
COG2920,COG2920
COG2921,COG2921
COG2922,COG2922
COG2923,COG2923
COG2924,COG2924
COG2925,COG2925
COG2926,COG2926
COG2927,COG2927
COG2928,COG2928
COG2929,COG2929
COG2930,COG2930
COG2931,COG2931
COG2932,COG2932
COG2933,COG2933
COG2935,COG2935
COG2936,COG2936
COG2937,COG2937
COG2938,COG2938
COG2939,COG2939
COG2940,COG2940
COG2941,COG2941
COG2942,COG2942
COG2943,COG2943
COG2944,COG2944
COG2945,COG2945
COG2946,COG2946
COG2947,COG2947
COG2948,COG2948
COG2949,COG2949
COG2951,COG2951
COG2952,COG2952
COG2954,COG2954
COG2956,COG2956
COG2957,COG2957
COG2958,COG2958
COG2959,COG2959
COG2960,COG2960
COG2961,COG2961
COG2962,COG2962
COG2963,COG2963
COG2964,COG2964
COG2965,COG2965
COG2966,COG2966
COG2967,COG2967
COG2968,COG2968
COG2969,COG2969
COG2971,COG2971
COG2972,COG2972
COG2973,COG2973
COG2974,COG2974
COG2975,COG2975
COG2976,COG2976
COG2977,COG2977
COG2978,COG2978
COG2979,COG2979
COG2980,COG2980
COG2981,COG2981
COG2982,COG2982
COG2983,COG2983
COG2984,COG2984
COG2985,COG2985
COG2986,COG2986
COG2987,COG2987
COG2988,COG2988
COG2989,COG2989
COG2990,COG2990
COG2991,COG2991
COG2992,COG2992
COG2993,COG2993
COG2994,COG2994
COG2995,COG2995
COG2996,COG2996
COG2998,COG2998
COG2999,COG2999
COG3000,COG3000
COG3001,COG3001
COG3002,COG3002
COG3004,COG3004
COG3005,COG3005
COG3006,COG3006
COG3007,COG3007
COG3008,COG3008
COG3009,COG3009
COG3010,COG3010
COG3011,COG3011
COG3012,COG3012
COG3013,COG3013
COG3014,COG3014
COG3015,COG3015
COG3016,COG3016
COG3017,COG3017
COG3018,COG3018
COG3019,COG3019
COG3021,COG3021
COG3022,COG3022
COG3023,COG3023
COG3024,COG3024
COG3025,COG3025
COG3026,COG3026
COG3027,COG3027
COG3028,COG3028
COG3029,COG3029
COG3030,COG3030
COG3031,COG3031
COG3033,COG3033
COG3034,COG3034
COG3036,COG3036
COG3037,COG3037
COG3038,COG3038
COG3039,COG3039
COG3040,COG3040
COG3041,COG3041
COG3042,COG3042
COG3043,COG3043
COG3044,COG3044
COG3045,COG3045
COG3046,COG3046
COG3047,COG3047
COG3048,COG3048
COG3049,COG3049
COG3050,COG3050
COG3051,COG3051
COG3052,COG3052
COG3053,COG3053
COG3054,COG3054
COG3055,COG3055
COG3056,COG3056
COG3057,COG3057
COG3058,COG3058
COG3059,COG3059
COG3060,COG3060
COG3061,COG3061
COG3062,COG3062
COG3063,COG3063
COG3064,COG3064
COG3065,COG3065
COG3066,COG3066
COG3067,COG3067
COG3068,COG3068
COG3069,COG3069
COG3070,COG3070
COG3071,COG3071
COG3072,COG3072
COG3073,COG3073
COG3074,COG3074
COG3075,COG3075
COG3076,COG3076
COG3077,COG3077
COG3078,COG3078
COG3079,COG3079
COG3080,COG3080
COG3081,COG3081
COG3082,COG3082
COG3083,COG3083
COG3084,COG3084
COG3085,COG3085
COG3086,COG3086
COG3087,COG3087
COG3088,COG3088
COG3089,COG3089
COG3090,COG3090
COG3091,COG3091
COG3092,COG3092
COG3093,COG3093
COG3094,COG3094
COG3095,COG3095
COG3096,COG3096
COG3097,COG3097
COG3098,COG3098
COG3099,COG3099
COG3100,COG3100
COG3101,COG3101
COG3102,COG3102
COG3103,COG3103
COG3104,COG3104
COG3105,COG3105
COG3106,COG3106
COG3107,COG3107
COG3108,COG3108
COG3109,COG3109
COG3110,COG3110
COG3111,COG3111
COG3112,COG3112
COG3113,COG3113
COG3114,COG3114
COG3115,COG3115
COG3116,COG3116
COG3117,COG3117
COG3118,COG3118
COG3119,COG3119
COG3120,COG3120
COG3121,COG3121
COG3122,COG3122
COG3123,COG3123
COG3124,COG3124
COG3125,COG3125
COG3126,COG3126
COG3127,COG3127
COG3128,COG3128
COG3129,COG3129
COG3130,COG3130
COG3131,COG3131
COG3132,COG3132
COG3133,COG3133
COG3134,COG3134
COG3135,COG3135
COG3136,COG3136
COG3137,COG3137
COG3138,COG3138
COG3139,COG3139
COG3140,COG3140
COG3141,COG3141
COG3142,COG3142
COG3143,COG3143
COG3144,COG3144
COG3145,COG3145
COG3146,COG3146
COG3147,COG3147
COG3148,COG3148
COG3149,COG3149
COG3150,COG3150
COG3151,COG3151
COG3152,COG3152
COG3153,COG3153
COG3154,COG3154
COG3155,COG3155
COG3156,COG3156
COG3157,COG3157
COG3158,COG3158
COG3159,COG3159
COG3160,COG3160
COG3161,COG3161
COG3162,COG3162
COG3164,COG3164
COG3165,COG3165
COG3166,COG3166
COG3167,COG3167
COG3168,COG3168
COG3169,COG3169
COG3170,COG3170
COG3171,COG3171
COG3172,COG3172
COG3173,COG3173
COG3174,COG3174
COG3175,COG3175
COG3176,COG3176
COG3177,COG3177
COG3178,COG3178
COG3179,COG3179
COG3180,COG3180
COG3181,COG3181
COG3182,COG3182
COG3183,COG3183
COG3184,COG3184
COG3185,COG3185
COG3186,COG3186
COG3187,COG3187
COG3188,COG3188
COG3189,COG3189
COG3190,COG3190
COG3191,COG3191
COG3192,COG3192
COG3193,COG3193
COG3194,COG3194
COG3195,COG3195
COG3196,COG3196
COG3197,COG3197
COG3198,COG3198
COG3199,COG3199
COG3200,COG3200
COG3201,COG3201
COG3202,COG3202
COG3203,COG3203
COG3204,COG3204
COG3205,COG3205
COG3206,COG3206
COG3207,COG3207
COG3208,COG3208
COG3209,COG3209
COG3210,COG3210
COG3211,COG3211
COG3212,COG3212
COG3213,COG3213
COG3214,COG3214
COG3215,COG3215
COG3216,COG3216
COG3217,COG3217
COG3218,COG3218
COG3219,COG3219
COG3220,COG3220
COG3221,COG3221
COG3222,COG3222
COG3223,COG3223
COG3224,COG3224
COG3225,COG3225
COG3226,COG3226
COG3227,COG3227
COG3228,COG3228
COG3230,COG3230
COG3231,COG3231
COG3232,COG3232
COG3233,COG3233
COG3234,COG3234
COG3235,COG3235
COG3236,COG3236
COG3237,COG3237
COG3238,COG3238
COG3239,COG3239
COG3240,COG3240
COG3241,COG3241
COG3242,COG3242
COG3243,COG3243
COG3245,COG3245
COG3246,COG3246
COG3247,COG3247
COG3248,COG3248
COG3249,COG3249
COG3250,COG3250
COG3251,COG3251
COG3252,COG3252
COG3253,COG3253
COG3254,COG3254
COG3255,COG3255
COG3256,COG3256
COG3257,COG3257
COG3258,COG3258
COG3259,COG3259
COG3260,COG3260
COG3261,COG3261
COG3262,COG3262
COG3263,COG3263
COG3264,COG3264
COG3265,COG3265
COG3266,COG3266
COG3267,COG3267
COG3268,COG3268
COG3269,COG3269
COG3270,COG3270
COG3271,COG3271
COG3272,COG3272
COG3273,COG3273
COG3274,COG3274
COG3275,COG3275
COG3276,COG3276
COG3277,COG3277
COG3278,COG3278
COG3279,COG3279
COG3280,COG3280
COG3281,COG3281
COG3283,COG3283
COG3284,COG3284
COG3285,COG3285
COG3286,COG3286
COG3287,COG3287
COG3288,COG3288
COG3290,COG3290
COG3291,COG3291
COG3292,COG3292
COG3293,COG3293
COG3294,COG3294
COG3295,COG3295
COG3296,COG3296
COG3297,COG3297
COG3298,COG3298
COG3299,COG3299
COG3300,COG3300
COG3301,COG3301
COG3302,COG3302
COG3303,COG3303
COG3304,COG3304
COG3305,COG3305
COG3306,COG3306
COG3307,COG3307
COG3308,COG3308
COG3309,COG3309
COG3310,COG3310
COG3311,COG3311
COG3312,COG3312
COG3313,COG3313
COG3314,COG3314
COG3315,COG3315
COG3316,COG3316
COG3317,COG3317
COG3318,COG3318
COG3319,COG3319
COG3320,COG3320
COG3321,COG3321
COG3322,COG3322
COG3323,COG3323
COG3324,COG3324
COG3325,COG3325
COG3326,COG3326
COG3327,COG3327
COG3328,COG3328
COG3329,COG3329
COG3330,COG3330
COG3331,COG3331
COG3332,COG3332
COG3333,COG3333
COG3334,COG3334
COG3335,COG3335
COG3336,COG3336
COG3337,COG3337
COG3338,COG3338
COG3339,COG3339
COG3340,COG3340
COG3341,COG3341
COG3342,COG3342
COG3343,COG3343
COG3344,COG3344
COG3345,COG3345
COG3346,COG3346
COG3347,COG3347
COG3349,COG3349
COG3350,COG3350
COG3351,COG3351
COG3352,COG3352
COG3353,COG3353
COG3354,COG3354
COG3355,COG3355
COG3356,COG3356
COG3357,COG3357
COG3358,COG3358
COG3359,COG3359
COG3360,COG3360
COG3361,COG3361
COG3363,COG3363
COG3364,COG3364
COG3365,COG3365
COG3366,COG3366
COG3367,COG3367
COG3368,COG3368
COG3369,COG3369
COG3370,COG3370
COG3371,COG3371
COG3372,COG3372
COG3373,COG3373
COG3374,COG3374
COG3375,COG3375
COG3376,COG3376
COG3377,COG3377
COG3378,COG3378
COG3379,COG3379
COG3380,COG3380
COG3381,COG3381
COG3382,COG3382
COG3383,COG3383
COG3384,COG3384
COG3385,COG3385
COG3386,COG3386
COG3387,COG3387
COG3388,COG3388
COG3389,COG3389
COG3390,COG3390
COG3391,COG3391
COG3392,COG3392
COG3393,COG3393
COG3394,COG3394
COG3395,COG3395
COG3396,COG3396
COG3397,COG3397
COG3398,COG3398
COG3399,COG3399
COG3400,COG3400
COG3401,COG3401
COG3402,COG3402
COG3403,COG3403
COG3404,COG3404
COG3405,COG3405
COG3407,COG3407
COG3408,COG3408
COG3409,COG3409
COG3410,COG3410
COG3411,COG3411
COG3412,COG3412
COG3413,COG3413
COG3414,COG3414
COG3415,COG3415
COG3416,COG3416
COG3417,COG3417
COG3418,COG3418
COG3419,COG3419
COG3420,COG3420
COG3421,COG3421
COG3422,COG3422
COG3423,COG3423
COG3424,COG3424
COG3425,COG3425
COG3426,COG3426
COG3427,COG3427
COG3428,COG3428
COG3429,COG3429
COG3430,COG3430
COG3431,COG3431
COG3432,COG3432
COG3433,COG3433
COG3434,COG3434
COG3435,COG3435
COG3436,COG3436
COG3437,COG3437
COG3439,COG3439
COG3440,COG3440
COG3442,COG3442
COG3443,COG3443
COG3444,COG3444
COG3445,COG3445
COG3447,COG3447
COG3448,COG3448
COG3449,COG3449
COG3450,COG3450
COG3451,COG3451
COG3452,COG3452
COG3453,COG3453
COG3454,COG3454
COG3455,COG3455
COG3456,COG3456
COG3457,COG3457
COG3458,COG3458
COG3459,COG3459
COG3460,COG3460
COG3461,COG3461
COG3462,COG3462
COG3463,COG3463
COG3464,COG3464
COG3465,COG3465
COG3466,COG3466
COG3467,COG3467
COG3468,COG3468
COG3469,COG3469
COG3470,COG3470
COG3471,COG3471
COG3472,COG3472
COG3473,COG3473
COG3474,COG3474
COG3475,COG3475
COG3476,COG3476
COG3477,COG3477
COG3478,COG3478
COG3479,COG3479
COG3480,COG3480
COG3481,COG3481
COG3482,COG3482
COG3483,COG3483
COG3484,COG3484
COG3485,COG3485
COG3486,COG3486
COG3487,COG3487
COG3488,COG3488
COG3489,COG3489
COG3490,COG3490
COG3491,COG3491
COG3492,COG3492
COG3493,COG3493
COG3494,COG3494
COG3495,COG3495
COG3496,COG3496
COG3497,COG3497
COG3498,COG3498
COG3499,COG3499
COG3500,COG3500
COG3501,COG3501
COG3502,COG3502
COG3503,COG3503
COG3504,COG3504
COG3505,COG3505
COG3506,COG3506
COG3507,COG3507
COG3508,COG3508
COG3509,COG3509
COG3510,COG3510
COG3511,COG3511
COG3512,COG3512
COG3513,COG3513
COG3514,COG3514
COG3515,COG3515
COG3516,COG3516
COG3517,COG3517
COG3518,COG3518
COG3519,COG3519
COG3520,COG3520
COG3521,COG3521
COG3522,COG3522
COG3523,COG3523
COG3524,COG3524
COG3525,COG3525
COG3526,COG3526
COG3527,COG3527
COG3528,COG3528
COG3529,COG3529
COG3530,COG3530
COG3531,COG3531
COG3533,COG3533
COG3534,COG3534
COG3535,COG3535
COG3536,COG3536
COG3537,COG3537
COG3538,COG3538
COG3539,COG3539
COG3540,COG3540
COG3541,COG3541
COG3542,COG3542
COG3543,COG3543
COG3544,COG3544
COG3545,COG3545
COG3546,COG3546
COG3547,COG3547
COG3548,COG3548
COG3549,COG3549
COG3550,COG3550
COG3551,COG3551
COG3552,COG3552
COG3553,COG3553
COG3554,COG3554
COG3555,COG3555
COG3556,COG3556
COG3557,COG3557
COG3558,COG3558
COG3559,COG3559
COG3560,COG3560
COG3561,COG3561
COG3562,COG3562
COG3563,COG3563
COG3564,COG3564
COG3565,COG3565
COG3566,COG3566
COG3567,COG3567
COG3568,COG3568
COG3569,COG3569
COG3570,COG3570
COG3571,COG3571
COG3572,COG3572
COG3573,COG3573
COG3575,COG3575
COG3576,COG3576
COG3577,COG3577
COG3579,COG3579
COG3580,COG3580
COG3581,COG3581
COG3582,COG3582
COG3583,COG3583
COG3584,COG3584
COG3585,COG3585
COG3586,COG3586
COG3587,COG3587
COG3588,COG3588
COG3589,COG3589
COG3590,COG3590
COG3591,COG3591
COG3592,COG3592
COG3593,COG3593
COG3594,COG3594
COG3595,COG3595
COG3596,COG3596
COG3597,COG3597
COG3598,COG3598
COG3599,COG3599
COG3600,COG3600
COG3601,COG3601
COG3602,COG3602
COG3603,COG3603
COG3604,COG3604
COG3605,COG3605
COG3607,COG3607
COG3608,COG3608
COG3609,COG3609
COG3610,COG3610
COG3611,COG3611
COG3612,COG3612
COG3613,COG3613
COG3614,COG3614
COG3615,COG3615
COG3616,COG3616
COG3617,COG3617
COG3618,COG3618
COG3619,COG3619
COG3620,COG3620
COG3621,COG3621
COG3622,COG3622
COG3623,COG3623
COG3624,COG3624
COG3625,COG3625
COG3626,COG3626
COG3627,COG3627
COG3628,COG3628
COG3629,COG3629
COG3630,COG3630
COG3631,COG3631
COG3633,COG3633
COG3634,COG3634
COG3635,COG3635
COG3636,COG3636
COG3637,COG3637
COG3638,COG3638
COG3639,COG3639
COG3640,COG3640
COG3641,COG3641
COG3642,COG3642
COG3643,COG3643
COG3644,COG3644
COG3645,COG3645
COG3646,COG3646
COG3647,COG3647
COG3648,COG3648
COG3649,COG3649
COG3650,COG3650
COG3651,COG3651
COG3652,COG3652
COG3653,COG3653
COG3654,COG3654
COG3655,COG3655
COG3656,COG3656
COG3657,COG3657
COG3658,COG3658
COG3659,COG3659
COG3660,COG3660
COG3661,COG3661
COG3662,COG3662
COG3663,COG3663
COG3664,COG3664
COG3665,COG3665
COG3666,COG3666
COG3667,COG3667
COG3668,COG3668
COG3669,COG3669
COG3670,COG3670
COG3671,COG3671
COG3672,COG3672
COG3673,COG3673
COG3675,COG3675
COG3676,COG3676
COG3677,COG3677
COG3678,COG3678
COG3679,COG3679
COG3680,COG3680
COG3681,COG3681
COG3682,COG3682
COG3683,COG3683
COG3684,COG3684
COG3685,COG3685
COG3686,COG3686
COG3687,COG3687
COG3688,COG3688
COG3689,COG3689
COG3691,COG3691
COG3692,COG3692
COG3693,COG3693
COG3694,COG3694
COG3695,COG3695
COG3696,COG3696
COG3697,COG3697
COG3698,COG3698
COG3700,COG3700
COG3701,COG3701
COG3702,COG3702
COG3703,COG3703
COG3704,COG3704
COG3705,COG3705
COG3706,COG3706
COG3707,COG3707
COG3708,COG3708
COG3709,COG3709
COG3710,COG3710
COG3711,COG3711
COG3712,COG3712
COG3713,COG3713
COG3714,COG3714
COG3715,COG3715
COG3716,COG3716
COG3717,COG3717
COG3718,COG3718
COG3719,COG3719
COG3720,COG3720
COG3721,COG3721
COG3722,COG3722
COG3723,COG3723
COG3724,COG3724
COG3725,COG3725
COG3726,COG3726
COG3727,COG3727
COG3728,COG3728
COG3729,COG3729
COG3730,COG3730
COG3731,COG3731
COG3732,COG3732
COG3733,COG3733
COG3734,COG3734
COG3735,COG3735
COG3736,COG3736
COG3737,COG3737
COG3738,COG3738
COG3739,COG3739
COG3740,COG3740
COG3741,COG3741
COG3742,COG3742
COG3743,COG3743
COG3744,COG3744
COG3745,COG3745
COG3746,COG3746
COG3747,COG3747
COG3748,COG3748
COG3749,COG3749
COG3750,COG3750
COG3751,COG3751
COG3752,COG3752
COG3753,COG3753
COG3754,COG3754
COG3755,COG3755
COG3756,COG3756
COG3757,COG3757
COG3758,COG3758
COG3759,COG3759
COG3760,COG3760
COG3761,COG3761
COG3762,COG3762
COG3763,COG3763
COG3764,COG3764
COG3765,COG3765
COG3766,COG3766
COG3767,COG3767
COG3768,COG3768
COG3769,COG3769
COG3770,COG3770
COG3771,COG3771
COG3772,COG3772
COG3773,COG3773
COG3774,COG3774
COG3775,COG3775
COG3776,COG3776
COG3777,COG3777
COG3778,COG3778
COG3779,COG3779
COG3780,COG3780
COG3781,COG3781
COG3782,COG3782
COG3783,COG3783
COG3784,COG3784
COG3785,COG3785
COG3786,COG3786
COG3787,COG3787
COG3788,COG3788
COG3789,COG3789
COG3790,COG3790
COG3791,COG3791
COG3792,COG3792
COG3793,COG3793
COG3794,COG3794
COG3795,COG3795
COG3797,COG3797
COG3798,COG3798
COG3799,COG3799
COG3800,COG3800
COG3801,COG3801
COG3802,COG3802
COG3803,COG3803
COG3804,COG3804
COG3805,COG3805
COG3806,COG3806
COG3807,COG3807
COG3808,COG3808
COG3809,COG3809
COG3811,COG3811
COG3812,COG3812
COG3813,COG3813
COG3814,COG3814
COG3815,COG3815
COG3816,COG3816
COG3817,COG3817
COG3818,COG3818
COG3819,COG3819
COG3820,COG3820
COG3821,COG3821
COG3822,COG3822
COG3823,COG3823
COG3824,COG3824
COG3825,COG3825
COG3826,COG3826
COG3827,COG3827
COG3828,COG3828
COG3829,COG3829
COG3830,COG3830
COG3831,COG3831
COG3832,COG3832
COG3833,COG3833
COG3835,COG3835
COG3836,COG3836
COG3837,COG3837
COG3838,COG3838
COG3839,COG3839
COG3840,COG3840
COG3842,COG3842
COG3843,COG3843
COG3844,COG3844
COG3845,COG3845
COG3846,COG3846
COG3847,COG3847
COG3848,COG3848
COG3850,COG3850
COG3851,COG3851
COG3852,COG3852
COG3853,COG3853
COG3854,COG3854
COG3855,COG3855
COG3856,COG3856
COG3857,COG3857
COG3858,COG3858
COG3859,COG3859
COG3860,COG3860
COG3861,COG3861
COG3862,COG3862
COG3863,COG3863
COG3864,COG3864
COG3865,COG3865
COG3866,COG3866
COG3867,COG3867
COG3868,COG3868
COG3869,COG3869
COG3870,COG3870
COG3871,COG3871
COG3872,COG3872
COG3874,COG3874
COG3875,COG3875
COG3876,COG3876
COG3877,COG3877
COG3878,COG3878
COG3879,COG3879
COG3880,COG3880
COG3881,COG3881
COG3882,COG3882
COG3883,COG3883
COG3884,COG3884
COG3885,COG3885
COG3886,COG3886
COG3887,COG3887
COG3888,COG3888
COG3889,COG3889
COG3890,COG3890
COG3892,COG3892
COG3893,COG3893
COG3894,COG3894
COG3895,COG3895
COG3896,COG3896
COG3897,COG3897
COG3898,COG3898
COG3899,COG3899
COG3900,COG3900
COG3901,COG3901
COG3903,COG3903
COG3904,COG3904
COG3905,COG3905
COG3906,COG3906
COG3907,COG3907
COG3908,COG3908
COG3909,COG3909
COG3910,COG3910
COG3911,COG3911
COG3913,COG3913
COG3914,COG3914
COG3915,COG3915
COG3916,COG3916
COG3917,COG3917
COG3918,COG3918
COG3919,COG3919
COG3920,COG3920
COG3921,COG3921
COG3923,COG3923
COG3924,COG3924
COG3925,COG3925
COG3926,COG3926
COG3930,COG3930
COG3931,COG3931
COG3932,COG3932
COG3933,COG3933
COG3934,COG3934
COG3935,COG3935
COG3936,COG3936
COG3937,COG3937
COG3938,COG3938
COG3940,COG3940
COG3941,COG3941
COG3942,COG3942
COG3943,COG3943
COG3944,COG3944
COG3945,COG3945
COG3946,COG3946
COG3947,COG3947
COG3948,COG3948
COG3949,COG3949
COG3950,COG3950
COG3951,COG3951
COG3952,COG3952
COG3953,COG3953
COG3954,COG3954
COG3955,COG3955
COG3956,COG3956
COG3957,COG3957
COG3958,COG3958
COG3959,COG3959
COG3960,COG3960
COG3961,COG3961
COG3962,COG3962
COG3963,COG3963
COG3964,COG3964
COG3965,COG3965
COG3966,COG3966
COG3967,COG3967
COG3968,COG3968
COG3969,COG3969
COG3970,COG3970
COG3971,COG3971
COG3972,COG3972
COG3973,COG3973
COG3975,COG3975
COG3976,COG3976
COG3977,COG3977
COG3978,COG3978
COG3979,COG3979
COG3980,COG3980
COG3981,COG3981
COG4001,COG4001
COG4002,COG4002
COG4003,COG4003
COG4004,COG4004
COG4006,COG4006
COG4007,COG4007
COG4008,COG4008
COG4009,COG4009
COG4010,COG4010
COG4012,COG4012
COG4013,COG4013
COG4014,COG4014
COG4015,COG4015
COG4016,COG4016
COG4017,COG4017
COG4018,COG4018
COG4019,COG4019
COG4020,COG4020
COG4021,COG4021
COG4022,COG4022
COG4023,COG4023
COG4024,COG4024
COG4025,COG4025
COG4026,COG4026
COG4027,COG4027
COG4028,COG4028
COG4029,COG4029
COG4030,COG4030
COG4031,COG4031
COG4032,COG4032
COG4033,COG4033
COG4034,COG4034
COG4035,COG4035
COG4036,COG4036
COG4037,COG4037
COG4038,COG4038
COG4039,COG4039
COG4040,COG4040
COG4041,COG4041
COG4042,COG4042
COG4043,COG4043
COG4044,COG4044
COG4046,COG4046
COG4047,COG4047
COG4048,COG4048
COG4049,COG4049
COG4050,COG4050
COG4051,COG4051
COG4052,COG4052
COG4053,COG4053
COG4054,COG4054
COG4055,COG4055
COG4056,COG4056
COG4057,COG4057
COG4058,COG4058
COG4059,COG4059
COG4060,COG4060
COG4061,COG4061
COG4062,COG4062
COG4063,COG4063
COG4064,COG4064
COG4065,COG4065
COG4066,COG4066
COG4067,COG4067
COG4068,COG4068
COG4069,COG4069
COG4070,COG4070
COG4071,COG4071
COG4072,COG4072
COG4073,COG4073
COG4074,COG4074
COG4075,COG4075
COG4076,COG4076
COG4077,COG4077
COG4078,COG4078
COG4079,COG4079
COG4080,COG4080
COG4081,COG4081
COG4083,COG4083
COG4084,COG4084
COG4085,COG4085
COG4086,COG4086
COG4087,COG4087
COG4088,COG4088
COG4089,COG4089
COG4090,COG4090
COG4091,COG4091
COG4092,COG4092
COG4093,COG4093
COG4094,COG4094
COG4095,COG4095
COG4096,COG4096
COG4097,COG4097
COG4098,COG4098
COG4099,COG4099
COG4100,COG4100
COG4101,COG4101
COG4102,COG4102
COG4103,COG4103
COG4104,COG4104
COG4105,COG4105
COG4106,COG4106
COG4107,COG4107
COG4108,COG4108
COG4109,COG4109
COG4110,COG4110
COG4111,COG4111
COG4112,COG4112
COG4113,COG4113
COG4114,COG4114
COG4115,COG4115
COG4116,COG4116
COG4117,COG4117
COG4118,COG4118
COG4119,COG4119
COG4120,COG4120
COG4121,COG4121
COG4122,COG4122
COG4123,COG4123
COG4124,COG4124
COG4125,COG4125
COG4126,COG4126
COG4127,COG4127
COG4128,COG4128
COG4129,COG4129
COG4130,COG4130
COG4132,COG4132
COG4133,COG4133
COG4134,COG4134
COG4135,COG4135
COG4136,COG4136
COG4137,COG4137
COG4138,COG4138
COG4139,COG4139
COG4143,COG4143
COG4145,COG4145
COG4146,COG4146
COG4147,COG4147
COG4148,COG4148
COG4149,COG4149
COG4150,COG4150
COG4152,COG4152
COG4154,COG4154
COG4158,COG4158
COG4160,COG4160
COG4161,COG4161
COG4166,COG4166
COG4167,COG4167
COG4168,COG4168
COG4170,COG4170
COG4171,COG4171
COG4172,COG4172
COG4174,COG4174
COG4175,COG4175
COG4176,COG4176
COG4177,COG4177
COG4178,COG4178
COG4181,COG4181
COG4185,COG4185
COG4186,COG4186
COG4187,COG4187
COG4188,COG4188
COG4189,COG4189
COG4190,COG4190
COG4191,COG4191
COG4192,COG4192
COG4193,COG4193
COG4194,COG4194
COG4195,COG4195
COG4196,COG4196
COG4197,COG4197
COG4198,COG4198
COG4199,COG4199
COG4200,COG4200
COG4206,COG4206
COG4208,COG4208
COG4209,COG4209
COG4211,COG4211
COG4213,COG4213
COG4214,COG4214
COG4215,COG4215
COG4218,COG4218
COG4219,COG4219
COG4220,COG4220
COG4221,COG4221
COG4222,COG4222
COG4223,COG4223
COG4224,COG4224
COG4225,COG4225
COG4226,COG4226
COG4227,COG4227
COG4228,COG4228
COG4229,COG4229
COG4230,COG4230
COG4231,COG4231
COG4232,COG4232
COG4233,COG4233
COG4235,COG4235
COG4237,COG4237
COG4238,COG4238
COG4239,COG4239
COG4240,COG4240
COG4241,COG4241
COG4242,COG4242
COG4243,COG4243
COG4244,COG4244
COG4245,COG4245
COG4246,COG4246
COG4247,COG4247
COG4248,COG4248
COG4249,COG4249
COG4250,COG4250
COG4251,COG4251
COG4252,COG4252
COG4253,COG4253
COG4254,COG4254
COG4255,COG4255
COG4256,COG4256
COG4257,COG4257
COG4258,COG4258
COG4259,COG4259
COG4260,COG4260
COG4261,COG4261
COG4262,COG4262
COG4263,COG4263
COG4264,COG4264
COG4266,COG4266
COG4267,COG4267
COG4268,COG4268
COG4269,COG4269
COG4270,COG4270
COG4271,COG4271
COG4272,COG4272
COG4273,COG4273
COG4274,COG4274
COG4275,COG4275
COG4276,COG4276
COG4277,COG4277
COG4278,COG4278
COG4279,COG4279
COG4280,COG4280
COG4281,COG4281
COG4282,COG4282
COG4283,COG4283
COG4284,COG4284
COG4285,COG4285
COG4286,COG4286
COG4287,COG4287
COG4288,COG4288
COG4289,COG4289
COG4290,COG4290
COG4291,COG4291
COG4292,COG4292
COG4293,COG4293
COG4294,COG4294
COG4295,COG4295
COG4296,COG4296
COG4297,COG4297
COG4298,COG4298
COG4299,COG4299
COG4300,COG4300
COG4301,COG4301
COG4302,COG4302
COG4303,COG4303
COG4304,COG4304
COG4305,COG4305
COG4306,COG4306
COG4307,COG4307
COG4308,COG4308
COG4309,COG4309
COG4310,COG4310
COG4311,COG4311
COG4312,COG4312
COG4313,COG4313
COG4314,COG4314
COG4315,COG4315
COG4316,COG4316
COG4317,COG4317
COG4318,COG4318
COG4319,COG4319
COG4320,COG4320
COG4321,COG4321
COG4322,COG4322
COG4323,COG4323
COG4324,COG4324
COG4325,COG4325
COG4326,COG4326
COG4327,COG4327
COG4328,COG4328
COG4329,COG4329
COG4330,COG4330
COG4331,COG4331
COG4332,COG4332
COG4333,COG4333
COG4334,COG4334
COG4335,COG4335
COG4336,COG4336
COG4337,COG4337
COG4338,COG4338
COG4339,COG4339
COG4340,COG4340
COG4341,COG4341
COG4342,COG4342
COG4343,COG4343
COG4344,COG4344
COG4345,COG4345
COG4346,COG4346
COG4347,COG4347
COG4352,COG4352
COG4353,COG4353
COG4354,COG4354
COG4357,COG4357
COG4359,COG4359
COG4360,COG4360
COG4362,COG4362
COG4365,COG4365
COG4367,COG4367
COG4370,COG4370
COG4371,COG4371
COG4372,COG4372
COG4373,COG4373
COG4374,COG4374
COG4377,COG4377
COG4378,COG4378
COG4379,COG4379
COG4380,COG4380
COG4381,COG4381
COG4382,COG4382
COG4383,COG4383
COG4384,COG4384
COG4385,COG4385
COG4386,COG4386
COG4387,COG4387
COG4388,COG4388
COG4389,COG4389
COG4390,COG4390
COG4391,COG4391
COG4392,COG4392
COG4393,COG4393
COG4394,COG4394
COG4395,COG4395
COG4396,COG4396
COG4397,COG4397
COG4398,COG4398
COG4399,COG4399
COG4401,COG4401
COG4402,COG4402
COG4403,COG4403
COG4405,COG4405
COG4408,COG4408
COG4409,COG4409
COG4412,COG4412
COG4413,COG4413
COG4416,COG4416
COG4420,COG4420
COG4421,COG4421
COG4422,COG4422
COG4423,COG4423
COG4424,COG4424
COG4425,COG4425
COG4427,COG4427
COG4430,COG4430
COG4443,COG4443
COG4445,COG4445
COG4446,COG4446
COG4447,COG4447
COG4448,COG4448
COG4449,COG4449
COG4451,COG4451
COG4452,COG4452
COG4453,COG4453
COG4454,COG4454
COG4455,COG4455
COG4456,COG4456
COG4457,COG4457
COG4458,COG4458
COG4459,COG4459
COG4460,COG4460
COG4461,COG4461
COG4463,COG4463
COG4464,COG4464
COG4465,COG4465
COG4466,COG4466
COG4467,COG4467
COG4468,COG4468
COG4469,COG4469
COG4470,COG4470
COG4471,COG4471
COG4472,COG4472
COG4473,COG4473
COG4474,COG4474
COG4475,COG4475
COG4476,COG4476
COG4477,COG4477
COG4478,COG4478
COG4479,COG4479
COG4481,COG4481
COG4483,COG4483
COG4485,COG4485
COG4487,COG4487
COG4492,COG4492
COG4493,COG4493
COG4495,COG4495
COG4496,COG4496
COG4499,COG4499
COG4502,COG4502
COG4506,COG4506
COG4508,COG4508
COG4509,COG4509
COG4512,COG4512
COG4517,COG4517
COG4518,COG4518
COG4519,COG4519
COG4520,COG4520
COG4521,COG4521
COG4525,COG4525
COG4529,COG4529
COG4530,COG4530
COG4531,COG4531
COG4533,COG4533
COG4535,COG4535
COG4536,COG4536
COG4537,COG4537
COG4538,COG4538
COG4539,COG4539
COG4540,COG4540
COG4541,COG4541
COG4542,COG4542
COG4544,COG4544
COG4545,COG4545
COG4547,COG4547
COG4548,COG4548
COG4549,COG4549
COG4550,COG4550
COG4551,COG4551
COG4552,COG4552
COG4553,COG4553
COG4555,COG4555
COG4558,COG4558
COG4559,COG4559
COG4564,COG4564
COG4565,COG4565
COG4566,COG4566
COG4567,COG4567
COG4568,COG4568
COG4569,COG4569
COG4570,COG4570
COG4571,COG4571
COG4572,COG4572
COG4573,COG4573
COG4574,COG4574
COG4575,COG4575
COG4576,COG4576
COG4577,COG4577
COG4578,COG4578
COG4579,COG4579
COG4580,COG4580
COG4581,COG4581
COG4582,COG4582
COG4583,COG4583
COG4584,COG4584
COG4585,COG4585
COG4586,COG4586
COG4587,COG4587
COG4588,COG4588
COG4589,COG4589
COG4590,COG4590
COG4591,COG4591
COG4592,COG4592
COG4594,COG4594
COG4597,COG4597
COG4598,COG4598
COG4603,COG4603
COG4604,COG4604
COG4605,COG4605
COG4606,COG4606
COG4607,COG4607
COG4608,COG4608
COG4615,COG4615
COG4618,COG4618
COG4619,COG4619
COG4623,COG4623
COG4624,COG4624
COG4625,COG4625
COG4626,COG4626
COG4627,COG4627
COG4628,COG4628
COG4630,COG4630
COG4631,COG4631
COG4632,COG4632
COG4633,COG4633
COG4634,COG4634
COG4635,COG4635
COG4636,COG4636
COG4637,COG4637
COG4638,COG4638
COG4639,COG4639
COG4640,COG4640
COG4641,COG4641
COG4642,COG4642
COG4643,COG4643
COG4644,COG4644
COG4645,COG4645
COG4646,COG4646
COG4647,COG4647
COG4648,COG4648
COG4649,COG4649
COG4650,COG4650
COG4651,COG4651
COG4652,COG4652
COG4653,COG4653
COG4654,COG4654
COG4655,COG4655
COG4656,COG4656
COG4657,COG4657
COG4658,COG4658
COG4659,COG4659
COG4660,COG4660
COG4662,COG4662
COG4663,COG4663
COG4664,COG4664
COG4665,COG4665
COG4666,COG4666
COG4667,COG4667
COG4668,COG4668
COG4669,COG4669
COG4670,COG4670
COG4671,COG4671
COG4672,COG4672
COG4674,COG4674
COG4675,COG4675
COG4676,COG4676
COG4677,COG4677
COG4678,COG4678
COG4679,COG4679
COG4680,COG4680
COG4681,COG4681
COG4682,COG4682
COG4683,COG4683
COG4684,COG4684
COG4685,COG4685
COG4687,COG4687
COG4688,COG4688
COG4689,COG4689
COG4690,COG4690
COG4691,COG4691
COG4692,COG4692
COG4693,COG4693
COG4694,COG4694
COG4695,COG4695
COG4696,COG4696
COG4697,COG4697
COG4698,COG4698
COG4699,COG4699
COG4700,COG4700
COG4701,COG4701
COG4702,COG4702
COG4703,COG4703
COG4704,COG4704
COG4705,COG4705
COG4706,COG4706
COG4707,COG4707
COG4708,COG4708
COG4709,COG4709
COG4710,COG4710
COG4711,COG4711
COG4712,COG4712
COG4713,COG4713
COG4714,COG4714
COG4715,COG4715
COG4716,COG4716
COG4717,COG4717
COG4718,COG4718
COG4719,COG4719
COG4720,COG4720
COG4721,COG4721
COG4722,COG4722
COG4723,COG4723
COG4724,COG4724
COG4725,COG4725
COG4726,COG4726
COG4727,COG4727
COG4728,COG4728
COG4729,COG4729
COG4731,COG4731
COG4732,COG4732
COG4733,COG4733
COG4734,COG4734
COG4735,COG4735
COG4736,COG4736
COG4737,COG4737
COG4738,COG4738
COG4739,COG4739
COG4740,COG4740
COG4741,COG4741
COG4742,COG4742
COG4743,COG4743
COG4744,COG4744
COG4745,COG4745
COG4746,COG4746
COG4747,COG4747
COG4748,COG4748
COG4749,COG4749
COG4750,COG4750
COG4752,COG4752
COG4753,COG4753
COG4754,COG4754
COG4755,COG4755
COG4756,COG4756
COG4757,COG4757
COG4758,COG4758
COG4759,COG4759
COG4760,COG4760
COG4762,COG4762
COG4763,COG4763
COG4764,COG4764
COG4765,COG4765
COG4766,COG4766
COG4767,COG4767
COG4768,COG4768
COG4769,COG4769
COG4770,COG4770
COG4771,COG4771
COG4772,COG4772
COG4773,COG4773
COG4774,COG4774
COG4775,COG4775
COG4776,COG4776
COG4778,COG4778
COG4779,COG4779
COG4781,COG4781
COG4782,COG4782
COG4783,COG4783
COG4784,COG4784
COG4785,COG4785
COG4786,COG4786
COG4787,COG4787
COG4789,COG4789
COG4790,COG4790
COG4791,COG4791
COG4792,COG4792
COG4794,COG4794
COG4795,COG4795
COG4796,COG4796
COG4797,COG4797
COG4798,COG4798
COG4799,COG4799
COG4800,COG4800
COG4801,COG4801
COG4802,COG4802
COG4803,COG4803
COG4804,COG4804
COG4805,COG4805
COG4806,COG4806
COG4807,COG4807
COG4808,COG4808
COG4809,COG4809
COG4810,COG4810
COG4811,COG4811
COG4812,COG4812
COG4813,COG4813
COG4814,COG4814
COG4815,COG4815
COG4816,COG4816
COG4817,COG4817
COG4818,COG4818
COG4819,COG4819
COG4820,COG4820
COG4821,COG4821
COG4822,COG4822
COG4823,COG4823
COG4824,COG4824
COG4825,COG4825
COG4826,COG4826
COG4827,COG4827
COG4828,COG4828
COG4829,COG4829
COG4830,COG4830
COG4831,COG4831
COG4832,COG4832
COG4833,COG4833
COG4834,COG4834
COG4835,COG4835
COG4836,COG4836
COG4837,COG4837
COG4838,COG4838
COG4839,COG4839
COG4840,COG4840
COG4841,COG4841
COG4842,COG4842
COG4843,COG4843
COG4844,COG4844
COG4845,COG4845
COG4846,COG4846
COG4847,COG4847
COG4848,COG4848
COG4849,COG4849
COG4850,COG4850
COG4851,COG4851
COG4852,COG4852
COG4853,COG4853
COG4854,COG4854
COG4855,COG4855
COG4856,COG4856
COG4857,COG4857
COG4858,COG4858
COG4859,COG4859
COG4860,COG4860
COG4861,COG4861
COG4862,COG4862
COG4863,COG4863
COG4864,COG4864
COG4865,COG4865
COG4866,COG4866
COG4867,COG4867
COG4868,COG4868
COG4869,COG4869
COG4870,COG4870
COG4871,COG4871
COG4872,COG4872
COG4873,COG4873
COG4874,COG4874
COG4875,COG4875
COG4876,COG4876
COG4877,COG4877
COG4878,COG4878
COG4879,COG4879
COG4880,COG4880
COG4881,COG4881
COG4882,COG4882
COG4883,COG4883
COG4884,COG4884
COG4885,COG4885
COG4886,COG4886
COG4887,COG4887
COG4888,COG4888
COG4889,COG4889
COG4890,COG4890
COG4891,COG4891
COG4892,COG4892
COG4893,COG4893
COG4894,COG4894
COG4895,COG4895
COG4896,COG4896
COG4897,COG4897
COG4898,COG4898
COG4899,COG4899
COG4900,COG4900
COG4901,COG4901
COG4902,COG4902
COG4903,COG4903
COG4904,COG4904
COG4905,COG4905
COG4906,COG4906
COG4907,COG4907
COG4908,COG4908
COG4909,COG4909
COG4910,COG4910
COG4911,COG4911
COG4912,COG4912
COG4913,COG4913
COG4914,COG4914
COG4915,COG4915
COG4916,COG4916
COG4917,COG4917
COG4918,COG4918
COG4919,COG4919
COG4920,COG4920
COG4921,COG4921
COG4922,COG4922
COG4923,COG4923
COG4924,COG4924
COG4925,COG4925
COG4926,COG4926
COG4927,COG4927
COG4928,COG4928
COG4929,COG4929
COG4930,COG4930
COG4932,COG4932
COG4933,COG4933
COG4934,COG4934
COG4935,COG4935
COG4936,COG4936
COG4937,COG4937
COG4938,COG4938
COG4939,COG4939
COG4940,COG4940
COG4941,COG4941
COG4942,COG4942
COG4943,COG4943
COG4944,COG4944
COG4945,COG4945
COG4946,COG4946
COG4947,COG4947
COG4948,COG4948
COG4949,COG4949
COG4950,COG4950
COG4951,COG4951
COG4952,COG4952
COG4953,COG4953
COG4954,COG4954
COG4955,COG4955
COG4956,COG4956
COG4957,COG4957
COG4959,COG4959
COG4960,COG4960
COG4961,COG4961
COG4962,COG4962
COG4963,COG4963
COG4964,COG4964
COG4965,COG4965
COG4966,COG4966
COG4967,COG4967
COG4968,COG4968
COG4969,COG4969
COG4970,COG4970
COG4972,COG4972
COG4973,COG4973
COG4974,COG4974
COG4975,COG4975
COG4976,COG4976
COG4977,COG4977
COG4978,COG4978
COG4980,COG4980
COG4981,COG4981
COG4982,COG4982
COG4983,COG4983
COG4984,COG4984
COG4985,COG4985
COG4986,COG4986
COG4987,COG4987
COG4988,COG4988
COG4989,COG4989
COG4990,COG4990
COG4991,COG4991
COG4992,COG4992
COG4993,COG4993
COG4994,COG4994
COG4995,COG4995
COG4996,COG4996
COG4997,COG4997
COG4998,COG4998
COG4999,COG4999
COG5000,COG5000
COG5001,COG5001
COG5002,COG5002
COG5003,COG5003
COG5004,COG5004
COG5005,COG5005
COG5006,COG5006
COG5007,COG5007
COG5008,COG5008
COG5009,COG5009
COG5010,COG5010
COG5011,COG5011
COG5012,COG5012
COG5013,COG5013
COG5014,COG5014
COG5015,COG5015
COG5016,COG5016
COG5017,COG5017
COG5018,COG5018
COG5019,COG5019
COG5020,COG5022
COG5021,COG5026
COG5022,COG5029
COG5023,COG5031
COG5024,COG5032
COG5025,COG5033
COG5026,COG5036
COG5027,COG5038
COG5028,COG5039
COG5029,COG5042
COG5030,COG5044
COG5031,COG5048
COG5032,COG5049
COG5033,COG5055
COG5034,COG5074
COG5035,COG5078
COG5036,COG5083
COG5037,COG5096
COG5038,COG5108
COG5039,COG5119
COG5040,COG5126
COG5041,COG5135
COG5042,COG5146
COG5043,COG5153
COG5044,COG5160
COG5045,COG5164
COG5046,COG5180
COG5047,COG5183
COG5048,COG5184
COG5049,COG5185
COG5050,COG5186
COG5051,COG5190
COG5052,COG5206
COG5053,COG5207
COG5054,COG5212
COG5055,COG5238
COG5056,COG5239
COG5057,COG5244
COG5058,COG5255
COG5059,COG5256
COG5061,COG5257
COG5062,COG5258
COG5063,COG5260
COG5064,COG5263
COG5065,COG5265
COG5066,COG5266
COG5067,COG5267
COG5068,COG5268
COG5069,COG5270
COG5070,COG5271
COG5071,COG5272
COG5072,COG5274
COG5073,COG5275
COG5074,COG5276
COG5075,COG5277
COG5076,COG5278
COG5077,COG5279
COG5078,COG5280
COG5079,COG5281
COG5080,COG5282
COG5081,COG5283
COG5082,COG5285
COG5083,COG5293
COG5084,COG5294
COG5085,COG5295
COG5086,COG5297
COG5087,COG5298
COG5088,COG5301
COG5090,COG5302
COG5091,COG5304
COG5092,COG5305
COG5093,COG5306
COG5094,COG5307
COG5095,COG5309
COG5096,COG5310
COG5097,COG5314
COG5098,COG5316
COG5099,COG5317
COG5100,COG5319
COG5101,COG5321
COG5102,COG5322
COG5103,COG5323
COG5104,COG5324
COG5105,COG5328
COG5106,COG5330
COG5107,COG5331
COG5108,COG5336
COG5109,COG5337
COG5110,COG5338
COG5111,COG5339
COG5112,COG5340
COG5113,COG5341
COG5114,COG5342
COG5116,COG5343
COG5117,COG5345
COG5118,COG5346
COG5119,COG5349
COG5120,COG5350
COG5122,COG5351
COG5123,COG5352
COG5124,COG5353
COG5125,COG5354
COG5126,COG5360
COG5127,COG5361
COG5128,COG5362
COG5129,COG5368
COG5130,COG5371
COG5131,COG5373
COG5132,COG5375
COG5133,COG5377
COG5134,COG5378
COG5135,COG5379
COG5136,COG5380
COG5137,COG5381
COG5138,COG5383
COG5139,COG5384
COG5140,COG5385
COG5141,COG5386
COG5142,COG5387
COG5143,COG5388
COG5144,COG5389
COG5145,COG5393
COG5146,COG5394
COG5147,COG5395
COG5148,COG5397
COG5149,COG5398
COG5150,COG5399
COG5151,COG5400
COG5152,COG5401
COG5153,COG5402
COG5154,COG5403
COG5155,COG5404
COG5156,COG5405
COG5157,COG5406
COG5158,COG5407
COG5159,COG5410
COG5160,COG5412
COG5161,COG5413
COG5162,COG5414
COG5163,COG5416
COG5164,COG5417
COG5165,COG5418
COG5166,COG5419
COG5167,COG5420
COG5169,COG5421
COG5170,COG5423
COG5171,COG5424
COG5173,COG5425
COG5174,COG5426
COG5175,COG5427
COG5176,COG5428
COG5177,COG5429
COG5178,COG5430
COG5179,COG5431
COG5180,COG5433
COG5181,COG5434
COG5182,COG5435
COG5183,COG5436
COG5184,COG5437
COG5185,COG5438
COG5186,COG5439
COG5187,COG5440
COG5188,COG5441
COG5189,COG5442
COG5190,COG5443
COG5191,COG5444
COG5192,COG5445
COG5193,COG5446
COG5194,COG5447
COG5195,COG5448
COG5196,COG5449
COG5197,COG5450
COG5198,COG5451
COG5199,COG5452
COG5200,COG5453
COG5201,COG5454
COG5202,COG5455
COG5204,COG5456
COG5206,COG5457
COG5207,COG5458
COG5208,COG5459
COG5209,COG5460
COG5210,COG5461
COG5211,COG5462
COG5212,COG5463
COG5213,COG5464
COG5214,COG5465
COG5215,COG5466
COG5216,COG5467
COG5217,COG5468
COG5218,COG5469
COG5219,COG5470
COG5220,COG5471
COG5221,COG5472
COG5222,COG5473
COG5223,COG5474
COG5224,COG5475
COG5225,COG5476
COG5226,COG5477
COG5227,COG5478
COG5228,COG5479
COG5229,COG5480
COG5230,COG5481
COG5231,COG5482
COG5232,COG5483
COG5233,COG5484
COG5234,COG5485
COG5235,COG5486
COG5236,COG5487
COG5237,COG5488
COG5238,COG5489
COG5239,COG5490
COG5240,COG5491
COG5241,COG5492
COG5242,COG5493
COG5243,COG5494
COG5244,COG5495
COG5245,COG5496
COG5246,COG5497
COG5247,COG5498
COG5248,COG5499
COG5249,COG5500
COG5250,COG5501
COG5251,COG5502
COG5252,COG5503
COG5253,COG5504
COG5254,COG5505
COG5255,COG5506
COG5256,COG5507
COG5257,COG5508
COG5258,COG5509
COG5259,COG5510
COG5260,COG5511
COG5261,COG5512
COG5262,COG5513
COG5263,COG5514
COG5264,COG5515
COG5265,COG5516
COG5266,COG5517
COG5267,COG5518
COG5268,COG5519
COG5269,COG5520
COG5270,COG5521
COG5271,COG5522
COG5272,COG5523
COG5273,COG5524
COG5274,COG5525
COG5275,COG5526
COG5276,COG5527
COG5277,COG5528
COG5278,COG5529
COG5279,COG5530
COG5280,COG5531
COG5281,COG5532
COG5282,COG5533
COG5283,COG5534
COG5285,COG5542
COG5290,COG5544
COG5291,COG5545
COG5293,COG5546
COG5294,COG5547
COG5295,COG5548
COG5296,COG5549
COG5297,COG5550
COG5298,COG5551
COG5301,COG5552
COG5302,COG5553
COG5304,COG5554
COG5305,COG5555
COG5306,COG5556
COG5307,COG5557
COG5308,COG5558
COG5309,COG5561
COG5310,COG5562
COG5314,COG5563
COG5316,COG5564
COG5317,COG5565
COG5319,COG5566
COG5321,COG5567
COG5322,COG5568
COG5323,COG5569
COG5324,COG5570
COG5325,COG5571
COG5328,COG5572
COG5329,COG5573
COG5330,COG5577
COG5331,COG5578
COG5333,COG5579
COG5336,COG5580
COG5337,COG5581
COG5338,COG5582
COG5339,COG5583
COG5340,COG5584
COG5341,COG5585
COG5342,COG5586
COG5343,COG5587
COG5345,COG5588
COG5346,COG5589
COG5347,COG5590
COG5349,COG5591
COG5350,COG5592
COG5351,COG5595
COG5352,COG5597
COG5353,COG5598
COG5354,COG5599
COG5360,COG5602
COG5361,COG5605
COG5362,COG5606
COG5366,COG5607
COG5368,COG5608
COG5369,COG5609
COG5371,COG5610
COG5373,COG5611
COG5374,COG5612
COG5375,COG5613
COG5377,COG5614
COG5378,COG5615
COG5379,COG5616
COG5380,COG5617
COG5381,COG5618
COG5383,COG5619
COG5384,COG5620
COG5385,COG5621
COG5386,COG5622
COG5387,COG5624
COG5388,COG5625
COG5389,COG5626
COG5391,COG5627
COG5393,COG5628
COG5394,COG5630
COG5395,COG5631
COG5397,COG5632
COG5398,COG5633
COG5399,COG5634
COG5400,COG5635
COG5401,COG5637
COG5402,COG5639
COG5403,COG5640
COG5404,COG5642
COG5405,COG5643
COG5406,COG5644
COG5407,COG5645
COG5408,COG5646
COG5409,COG5649
COG5410,COG5650
COG5411,COG5651
COG5412,COG5652
COG5413,COG5653
COG5414,COG5654
COG5415,COG5655
COG5416,COG5658
COG5417,COG5659
COG5418,COG5660
COG5419,COG5661
COG5420,COG5662
COG5421,COG5663
COG5422,COG5664
COG5423,COG5665
COG5424,YCOMPLETE
COG5425,none
COG5426,none
COG5427,none
COG5428,none
COG5429,none
COG5430,none
COG5431,none
COG5432,none
COG5433,none
COG5434,none
COG5435,none
COG5436,none
COG5437,none
COG5438,none
COG5439,none
COG5440,none
COG5441,none
COG5442,none
COG5443,none
COG5444,none
COG5445,none
COG5446,none
COG5447,none
COG5448,none
COG5449,none
COG5450,none
COG5451,none
COG5452,none
COG5453,none
COG5454,none
COG5455,none
COG5456,none
COG5457,none
COG5458,none
COG5459,none
COG5460,none
COG5461,none
COG5462,none
COG5463,none
COG5464,none
COG5465,none
COG5466,none
COG5467,none
COG5468,none
COG5469,none
COG5470,none
COG5471,none
COG5472,none
COG5473,none
COG5474,none
COG5475,none
COG5476,none
COG5477,none
COG5478,none
COG5479,none
COG5480,none
COG5481,none
COG5482,none
COG5483,none
COG5484,none
COG5485,none
COG5486,none
COG5487,none
COG5488,none
COG5489,none
COG5490,none
COG5491,none
COG5492,none
COG5493,none
COG5494,none
COG5495,none
COG5496,none
COG5497,none
COG5498,none
COG5499,none
COG5500,none
COG5501,none
COG5502,none
COG5503,none
COG5504,none
COG5505,none
COG5506,none
COG5507,none
COG5508,none
COG5509,none
COG5510,none
COG5511,none
COG5512,none
COG5513,none
COG5514,none
COG5515,none
COG5516,none
COG5517,none
COG5518,none
COG5519,none
COG5520,none
COG5521,none
COG5522,none
COG5523,none
COG5524,none
COG5525,none
COG5526,none
COG5527,none
COG5528,none
COG5529,none
COG5530,none
COG5531,none
COG5532,none
COG5533,none
COG5534,none
COG5535,none
COG5536,none
COG5537,none
COG5538,none
COG5539,none
COG5540,none
COG5541,none
COG5542,none
COG5543,none
COG5544,none
COG5545,none
COG5546,none
COG5547,none
COG5548,none
COG5549,none
COG5550,none
COG5551,none
COG5552,none
COG5553,none
COG5554,none
COG5555,none
COG5556,none
COG5557,none
COG5558,none
COG5559,none
COG5560,none
COG5561,none
COG5562,none
COG5563,none
COG5564,none
COG5565,none
COG5566,none
COG5567,none
COG5568,none
COG5569,none
COG5570,none
COG5571,none
COG5572,none
COG5573,none
COG5574,none
COG5575,none
COG5576,none
COG5577,none
COG5578,none
COG5579,none
COG5580,none
COG5581,none
COG5582,none
COG5583,none
COG5584,none
COG5585,none
COG5586,none
COG5587,none
COG5588,none
COG5589,none
COG5590,none
COG5591,none
COG5592,none
COG5593,none
COG5594,none
COG5595,none
COG5596,none
COG5597,none
COG5598,none
COG5599,none
COG5600,none
COG5601,none
COG5602,none
COG5603,none
COG5604,none
COG5605,none
COG5606,none
COG5607,none
COG5608,none
COG5609,none
COG5610,none
COG5611,none
COG5612,none
COG5613,none
COG5614,none
COG5615,none
COG5616,none
COG5617,none
COG5618,none
COG5619,none
COG5620,none
COG5621,none
COG5622,none
COG5623,none
COG5624,none
COG5625,none
COG5626,none
COG5627,none
COG5628,none
COG5629,none
COG5630,none
COG5631,none
COG5632,none
COG5633,none
COG5634,none
COG5635,none
COG5636,none
COG5637,none
COG5638,none
COG5639,none
COG5640,none
COG5641,none
COG5642,none
COG5643,none
COG5644,none
COG5645,none
COG5646,none
COG5647,none
COG5648,none
COG5649,none
COG5650,none
COG5651,none
COG5652,none
COG5653,none
COG5654,none
COG5655,none
COG5656,none
COG5657,none
COG5658,none
COG5659,none
COG5660,none
COG5661,none
COG5662,none
COG5663,none
COG5664,none
COG5665,none
YCOMPLETE,none
